[{"pk": 22, "model": "auth.permission", "fields": {"codename": "add_logentry", "name": "Can add log entry", "content_type": 8}}, {"pk": 23, "model": "auth.permission", "fields": {"codename": "change_logentry", "name": "Can change log entry", "content_type": 8}}, {"pk": 24, "model": "auth.permission", "fields": {"codename": "delete_logentry", "name": "Can delete log entry", "content_type": 8}}, {"pk": 4, "model": "auth.permission", "fields": {"codename": "add_group", "name": "Can add group", "content_type": 2}}, {"pk": 10, "model": "auth.permission", "fields": {"codename": "add_message", "name": "Can add message", "content_type": 4}}, {"pk": 1, "model": "auth.permission", "fields": {"codename": "add_permission", "name": "Can add permission", "content_type": 1}}, {"pk": 7, "model": "auth.permission", "fields": {"codename": "add_user", "name": "Can add user", "content_type": 3}}, {"pk": 5, "model": "auth.permission", "fields": {"codename": "change_group", "name": "Can change group", "content_type": 2}}, {"pk": 11, "model": "auth.permission", "fields": {"codename": "change_message", "name": "Can change message", "content_type": 4}}, {"pk": 2, "model": "auth.permission", "fields": {"codename": "change_permission", "name": "Can change permission", "content_type": 1}}, {"pk": 8, "model": "auth.permission", "fields": {"codename": "change_user", "name": "Can change user", "content_type": 3}}, {"pk": 6, "model": "auth.permission", "fields": {"codename": "delete_group", "name": "Can delete group", "content_type": 2}}, {"pk": 12, "model": "auth.permission", "fields": {"codename": "delete_message", "name": "Can delete message", "content_type": 4}}, {"pk": 3, "model": "auth.permission", "fields": {"codename": "delete_permission", "name": "Can delete permission", "content_type": 1}}, {"pk": 9, "model": "auth.permission", "fields": {"codename": "delete_user", "name": "Can delete user", "content_type": 3}}, {"pk": 28, "model": "auth.permission", "fields": {"codename": "add_comment", "name": "Can add comment", "content_type": 10}}, {"pk": 32, "model": "auth.permission", "fields": {"codename": "add_commentflag", "name": "Can add comment flag", "content_type": 11}}, {"pk": 31, "model": "auth.permission", "fields": {"codename": "can_moderate", "name": "Can moderate comments", "content_type": 10}}, {"pk": 29, "model": "auth.permission", "fields": {"codename": "change_comment", "name": "Can change comment", "content_type": 10}}, {"pk": 33, "model": "auth.permission", "fields": {"codename": "change_commentflag", "name": "Can change comment flag", "content_type": 11}}, {"pk": 30, "model": "auth.permission", "fields": {"codename": "delete_comment", "name": "Can delete comment", "content_type": 10}}, {"pk": 34, "model": "auth.permission", "fields": {"codename": "delete_commentflag", "name": "Can delete comment flag", "content_type": 11}}, {"pk": 13, "model": "auth.permission", "fields": {"codename": "add_contenttype", "name": "Can add content type", "content_type": 5}}, {"pk": 14, "model": "auth.permission", "fields": {"codename": "change_contenttype", "name": "Can change content type", "content_type": 5}}, {"pk": 15, "model": "auth.permission", "fields": {"codename": "delete_contenttype", "name": "Can delete content type", "content_type": 5}}, {"pk": 47, "model": "auth.permission", "fields": {"codename": "add_dayplan", "name": "Can add day plan", "content_type": 16}}, {"pk": 44, "model": "auth.permission", "fields": {"codename": "add_diet", "name": "Can add diet", "content_type": 15}}, {"pk": 53, "model": "auth.permission", "fields": {"codename": "add_food", "name": "Can add food", "content_type": 18}}, {"pk": 50, "model": "auth.permission", "fields": {"codename": "add_meal", "name": "Can add meal", "content_type": 17}}, {"pk": 48, "model": "auth.permission", "fields": {"codename": "change_dayplan", "name": "Can change day plan", "content_type": 16}}, {"pk": 45, "model": "auth.permission", "fields": {"codename": "change_diet", "name": "Can change diet", "content_type": 15}}, {"pk": 54, "model": "auth.permission", "fields": {"codename": "change_food", "name": "Can change food", "content_type": 18}}, {"pk": 51, "model": "auth.permission", "fields": {"codename": "change_meal", "name": "Can change meal", "content_type": 17}}, {"pk": 49, "model": "auth.permission", "fields": {"codename": "delete_dayplan", "name": "Can delete day plan", "content_type": 16}}, {"pk": 46, "model": "auth.permission", "fields": {"codename": "delete_diet", "name": "Can delete diet", "content_type": 15}}, {"pk": 55, "model": "auth.permission", "fields": {"codename": "delete_food", "name": "Can delete food", "content_type": 18}}, {"pk": 52, "model": "auth.permission", "fields": {"codename": "delete_meal", "name": "Can delete meal", "content_type": 17}}, {"pk": 25, "model": "auth.permission", "fields": {"codename": "add_flatpage", "name": "Can add flat page", "content_type": 9}}, {"pk": 26, "model": "auth.permission", "fields": {"codename": "change_flatpage", "name": "Can change flat page", "content_type": 9}}, {"pk": 27, "model": "auth.permission", "fields": {"codename": "delete_flatpage", "name": "Can delete flat page", "content_type": 9}}, {"pk": 38, "model": "auth.permission", "fields": {"codename": "add_privatepractice", "name": "Can add private practice", "content_type": 13}}, {"pk": 39, "model": "auth.permission", "fields": {"codename": "change_privatepractice", "name": "Can change private practice", "content_type": 13}}, {"pk": 40, "model": "auth.permission", "fields": {"codename": "delete_privatepractice", "name": "Can delete private practice", "content_type": 13}}, {"pk": 59, "model": "auth.permission", "fields": {"codename": "add_coupon", "name": "Can add coupon", "content_type": 20}}, {"pk": 56, "model": "auth.permission", "fields": {"codename": "add_profile", "name": "Can add profile", "content_type": 19}}, {"pk": 62, "model": "auth.permission", "fields": {"codename": "add_userdata", "name": "Can add user data", "content_type": 21}}, {"pk": 60, "model": "auth.permission", "fields": {"codename": "change_coupon", "name": "Can change coupon", "content_type": 20}}, {"pk": 57, "model": "auth.permission", "fields": {"codename": "change_profile", "name": "Can change profile", "content_type": 19}}, {"pk": 63, "model": "auth.permission", "fields": {"codename": "change_userdata", "name": "Can change user data", "content_type": 21}}, {"pk": 61, "model": "auth.permission", "fields": {"codename": "delete_coupon", "name": "Can delete coupon", "content_type": 20}}, {"pk": 58, "model": "auth.permission", "fields": {"codename": "delete_profile", "name": "Can delete profile", "content_type": 19}}, {"pk": 64, "model": "auth.permission", "fields": {"codename": "delete_userdata", "name": "Can delete user data", "content_type": 21}}, {"pk": 41, "model": "auth.permission", "fields": {"codename": "add_registrationprofile", "name": "Can add registration profile", "content_type": 14}}, {"pk": 42, "model": "auth.permission", "fields": {"codename": "change_registrationprofile", "name": "Can change registration profile", "content_type": 14}}, {"pk": 43, "model": "auth.permission", "fields": {"codename": "delete_registrationprofile", "name": "Can delete registration profile", "content_type": 14}}, {"pk": 16, "model": "auth.permission", "fields": {"codename": "add_session", "name": "Can add session", "content_type": 6}}, {"pk": 17, "model": "auth.permission", "fields": {"codename": "change_session", "name": "Can change session", "content_type": 6}}, {"pk": 18, "model": "auth.permission", "fields": {"codename": "delete_session", "name": "Can delete session", "content_type": 6}}, {"pk": 19, "model": "auth.permission", "fields": {"codename": "add_site", "name": "Can add site", "content_type": 7}}, {"pk": 20, "model": "auth.permission", "fields": {"codename": "change_site", "name": "Can change site", "content_type": 7}}, {"pk": 21, "model": "auth.permission", "fields": {"codename": "delete_site", "name": "Can delete site", "content_type": 7}}, {"pk": 35, "model": "auth.permission", "fields": {"codename": "add_migrationhistory", "name": "Can add migration history", "content_type": 12}}, {"pk": 36, "model": "auth.permission", "fields": {"codename": "change_migrationhistory", "name": "Can change migration history", "content_type": 12}}, {"pk": 37, "model": "auth.permission", "fields": {"codename": "delete_migrationhistory", "name": "Can delete migration history", "content_type": 12}}, {"pk": 1, "model": "auth.group", "fields": {"name": "web_user", "permissions": []}}, {"pk": 2, "model": "auth.group", "fields": {"name": "patient", "permissions": []}}, {"pk": 4, "model": "auth.group", "fields": {"name": "nutritionist", "permissions": []}}, {"pk": 5, "model": "auth.user", "fields": {"username": "mklujszo_1_gmail_com", "first_name": "", "last_name": "", "is_active": true, "is_superuser": false, "is_staff": false, "last_login": "2009-10-07 20:33:21", "groups": [1], "user_permissions": [], "password": "sha1$cda72$aa8c5d8ca8fac1e7387a986395434601c7990c6e", "email": "mklujszo+1@gmail.com", "date_joined": "2009-10-06 09:19:39"}}, {"pk": 2, "model": "auth.user", "fields": {"username": "root", "first_name": "", "last_name": "", "is_active": true, "is_superuser": true, "is_staff": true, "last_login": "2009-10-11 13:40:34", "groups": [], "user_permissions": [], "password": "sha1$269f5$49a504aa48b2a59df969f324f6ec6349046b2b6f", "email": "mklujszo@gmail.com", "date_joined": "2009-10-04 23:49:34"}}, {"pk": 6, "model": "auth.user", "fields": {"username": "mklujszo_2_gmail_com", "first_name": "", "last_name": "", "is_active": true, "is_superuser": false, "is_staff": false, "last_login": "2009-10-11 13:40:51", "groups": [1], "user_permissions": [], "password": "sha1$afee3$c03449b9c4943d55492ff91dba9b3f83d19791ab", "email": "mklujszo+2@gmail.com", "date_joined": "2009-10-07 21:49:23"}}, {"pk": 7, "model": "auth.user", "fields": {"username": "mklujszo_3_gmail_com", "first_name": "", "last_name": "", "is_active": true, "is_superuser": false, "is_staff": false, "last_login": "2009-10-11 17:47:25", "groups": [1], "user_permissions": [], "password": "sha1$9aaaa$dd43e9a42e1f860b5ef4fa73d2d3f78fcba3e204", "email": "mklujszo+3@gmail.com", "date_joined": "2009-10-07 21:56:02"}}, {"pk": 8, "model": "auth.user", "fields": {"username": "mickek", "first_name": "", "last_name": "", "is_active": true, "is_superuser": true, "is_staff": true, "last_login": "2009-10-12 10:48:50", "groups": [], "user_permissions": [], "password": "sha1$e24d1$e66af9dc9d19f2c03f146abfa3e5829bf88ac975", "email": "mklujszo@gmail.com", "date_joined": "2009-10-11 17:39:29"}}, {"pk": 2, "model": "diet.diet", "fields": {"name": "Dieta kapu\u015bciana", "parent": null, "price": null, "state": null, "user": null, "type": "for_free", "start_date": null, "description": ""}}, {"pk": 3, "model": "diet.diet", "fields": {"name": "Atkinsa", "parent": null, "price": 20.0, "state": null, "user": null, "type": "for_sale", "start_date": null, "description": "G\u00f3wniana dieta nie stosujcie"}}, {"pk": 1, "model": "diet.diet", "fields": {"name": "", "parent": null, "price": null, "state": "active", "user": 5, "type": "nutronist_created", "start_date": null, "description": ""}}, {"pk": 6, "model": "diet.diet", "fields": {"name": "Dieta cud", "parent": null, "price": 20.0, "state": null, "user": null, "type": "for_sale", "start_date": null, "description": "<p>\r\n\tdfgdf</p>\r\n"}}, {"pk": 1, "model": "diet.dayplan", "fields": {"sequence_no": 1, "diet": 1}}, {"pk": 52, "model": "diet.dayplan", "fields": {"sequence_no": 1, "diet": 6}}, {"pk": 21, "model": "diet.dayplan", "fields": {"sequence_no": 1, "diet": 2}}, {"pk": 23, "model": "diet.dayplan", "fields": {"sequence_no": 1, "diet": 3}}, {"pk": 2, "model": "diet.dayplan", "fields": {"sequence_no": 2, "diet": 1}}, {"pk": 22, "model": "diet.dayplan", "fields": {"sequence_no": 2, "diet": 2}}, {"pk": 53, "model": "diet.dayplan", "fields": {"sequence_no": 2, "diet": 6}}, {"pk": 3, "model": "diet.dayplan", "fields": {"sequence_no": 3, "diet": 1}}, {"pk": 54, "model": "diet.dayplan", "fields": {"sequence_no": 3, "diet": 6}}, {"pk": 4, "model": "diet.dayplan", "fields": {"sequence_no": 4, "diet": 1}}, {"pk": 55, "model": "diet.dayplan", "fields": {"sequence_no": 4, "diet": 6}}, {"pk": 5, "model": "diet.dayplan", "fields": {"sequence_no": 5, "diet": 1}}, {"pk": 56, "model": "diet.dayplan", "fields": {"sequence_no": 5, "diet": 6}}, {"pk": 57, "model": "diet.dayplan", "fields": {"sequence_no": 6, "diet": 6}}, {"pk": 6, "model": "diet.dayplan", "fields": {"sequence_no": 6, "diet": 1}}, {"pk": 58, "model": "diet.dayplan", "fields": {"sequence_no": 7, "diet": 6}}, {"pk": 7, "model": "diet.dayplan", "fields": {"sequence_no": 7, "diet": 1}}, {"pk": 8, "model": "diet.dayplan", "fields": {"sequence_no": 8, "diet": 1}}, {"pk": 59, "model": "diet.dayplan", "fields": {"sequence_no": 8, "diet": 6}}, {"pk": 60, "model": "diet.dayplan", "fields": {"sequence_no": 9, "diet": 6}}, {"pk": 9, "model": "diet.dayplan", "fields": {"sequence_no": 9, "diet": 1}}, {"pk": 10, "model": "diet.dayplan", "fields": {"sequence_no": 10, "diet": 1}}, {"pk": 61, "model": "diet.dayplan", "fields": {"sequence_no": 10, "diet": 6}}, {"pk": 11, "model": "diet.dayplan", "fields": {"sequence_no": 11, "diet": 1}}, {"pk": 62, "model": "diet.dayplan", "fields": {"sequence_no": 11, "diet": 6}}, {"pk": 63, "model": "diet.dayplan", "fields": {"sequence_no": 12, "diet": 6}}, {"pk": 12, "model": "diet.dayplan", "fields": {"sequence_no": 12, "diet": 1}}, {"pk": 13, "model": "diet.dayplan", "fields": {"sequence_no": 13, "diet": 1}}, {"pk": 64, "model": "diet.dayplan", "fields": {"sequence_no": 13, "diet": 6}}, {"pk": 14, "model": "diet.dayplan", "fields": {"sequence_no": 14, "diet": 1}}, {"pk": 65, "model": "diet.dayplan", "fields": {"sequence_no": 14, "diet": 6}}, {"pk": 15, "model": "diet.dayplan", "fields": {"sequence_no": 15, "diet": 1}}, {"pk": 16, "model": "diet.dayplan", "fields": {"sequence_no": 16, "diet": 1}}, {"pk": 17, "model": "diet.dayplan", "fields": {"sequence_no": 17, "diet": 1}}, {"pk": 18, "model": "diet.dayplan", "fields": {"sequence_no": 18, "diet": 1}}, {"pk": 19, "model": "diet.dayplan", "fields": {"sequence_no": 19, "diet": 1}}, {"pk": 20, "model": "diet.dayplan", "fields": {"sequence_no": 20, "diet": 1}}, {"pk": 21, "model": "diet.meal", "fields": {"name": "sur\u00f3wka z 2 pomidor\u00f3w i cebuli", "sequence_no": 0, "unit_type": null, "type": "breakfest", "day": 53, "quantity": null}}, {"pk": 10, "model": "diet.meal", "fields": {"name": "sa\u0142atka z 2 pomidor\u00f3w i cebuli", "sequence_no": 0, "unit_type": null, "type": "breakfest", "day": 22, "quantity": null}}, {"pk": 14, "model": "diet.meal", "fields": {"name": "pomara\u0144cze", "sequence_no": 0, "unit_type": null, "type": "breakfest", "day": 52, "quantity": 2.0}}, {"pk": 6, "model": "diet.meal", "fields": {"name": "Sa\u0142atka z 2 Pomidor\u00f3w i cebuli", "sequence_no": 0, "unit_type": null, "type": "breakfest", "day": 21, "quantity": null}}, {"pk": 7, "model": "diet.meal", "fields": {"name": "Pomara\u0144cze", "sequence_no": 1, "unit_type": null, "type": "brunch", "day": 21, "quantity": 2.0}}, {"pk": 11, "model": "diet.meal", "fields": {"name": "Kiwki", "sequence_no": 1, "unit_type": null, "type": "brunch", "day": 22, "quantity": 2.0}}, {"pk": 15, "model": "diet.meal", "fields": {"name": "chleb razowy", "sequence_no": 1, "unit_type": null, "type": "breakfest", "day": 52, "quantity": 1.0}}, {"pk": 16, "model": "diet.meal", "fields": {"name": "banan", "sequence_no": 2, "unit_type": null, "type": "brunch", "day": 52, "quantity": 1.0}}, {"pk": 12, "model": "diet.meal", "fields": {"name": "Zupa kapu\u015bciana", "sequence_no": 2, "unit_type": null, "type": "lunch", "day": 22, "quantity": null}}, {"pk": 8, "model": "diet.meal", "fields": {"name": "Zupa kapu\u015bciana", "sequence_no": 2, "unit_type": null, "type": "lunch", "day": 21, "quantity": null}}, {"pk": 9, "model": "diet.meal", "fields": {"name": "Banan", "sequence_no": 3, "unit_type": null, "type": "dinner", "day": 21, "quantity": null}}, {"pk": 13, "model": "diet.meal", "fields": {"name": "Sa\u0142atka coles\u0142aw", "sequence_no": 3, "unit_type": null, "type": "dinner", "day": 22, "quantity": null}}, {"pk": 17, "model": "diet.meal", "fields": {"name": "kurczak pieczony", "sequence_no": 3, "unit_type": "g", "type": "lunch", "day": 52, "quantity": 200.0}}, {"pk": 18, "model": "diet.meal", "fields": {"name": "ziemniaki ma\u0142e", "sequence_no": 4, "unit_type": null, "type": "lunch", "day": 52, "quantity": 2.0}}, {"pk": 19, "model": "diet.meal", "fields": {"name": "sur\u00f3wka", "sequence_no": 5, "unit_type": "g", "type": "lunch", "day": 52, "quantity": 100.0}}, {"pk": 20, "model": "diet.meal", "fields": {"name": "pomara\u0144cze", "sequence_no": 6, "unit_type": null, "type": "dinner", "day": 52, "quantity": 2.0}}, {"pk": 1, "model": "patients.profile", "fields": {"target_weight": null, "practice": null, "height": null, "user": 2, "sex": null}}, {"pk": 4, "model": "patients.profile", "fields": {"target_weight": 78.0, "practice": null, "height": 178.0, "user": 5, "sex": 1}}, {"pk": 5, "model": "patients.profile", "fields": {"target_weight": 76.0, "practice": null, "height": 178.0, "user": 6, "sex": 1}}, {"pk": 6, "model": "patients.profile", "fields": {"target_weight": 78.0, "practice": null, "height": 178.0, "user": 7, "sex": 1}}, {"pk": 7, "model": "patients.profile", "fields": {"target_weight": null, "practice": null, "height": null, "user": 8, "sex": null}}, {"pk": 1, "model": "patients.userdata", "fields": {"date": "2009-10-06", "waist": null, "weight": 99.200000000000003, "user": 5}}, {"pk": 2, "model": "patients.userdata", "fields": {"date": "2009-10-07", "waist": null, "weight": 99.0, "user": 6}}, {"pk": 3, "model": "patients.userdata", "fields": {"date": "2009-10-07", "waist": null, "weight": 99.0, "user": 7}}]
