[{"pk": 22, "model": "auth.permission", "fields": {"codename": "add_logentry", "name": "Can add log entry", "content_type": 8}}, {"pk": 23, "model": "auth.permission", "fields": {"codename": "change_logentry", "name": "Can change log entry", "content_type": 8}}, {"pk": 24, "model": "auth.permission", "fields": {"codename": "delete_logentry", "name": "Can delete log entry", "content_type": 8}}, {"pk": 4, "model": "auth.permission", "fields": {"codename": "add_group", "name": "Can add group", "content_type": 2}}, {"pk": 10, "model": "auth.permission", "fields": {"codename": "add_message", "name": "Can add message", "content_type": 4}}, {"pk": 1, "model": "auth.permission", "fields": {"codename": "add_permission", "name": "Can add permission", "content_type": 1}}, {"pk": 7, "model": "auth.permission", "fields": {"codename": "add_user", "name": "Can add user", "content_type": 3}}, {"pk": 5, "model": "auth.permission", "fields": {"codename": "change_group", "name": "Can change group", "content_type": 2}}, {"pk": 11, "model": "auth.permission", "fields": {"codename": "change_message", "name": "Can change message", "content_type": 4}}, {"pk": 2, "model": "auth.permission", "fields": {"codename": "change_permission", "name": "Can change permission", "content_type": 1}}, {"pk": 8, "model": "auth.permission", "fields": {"codename": "change_user", "name": "Can change user", "content_type": 3}}, {"pk": 6, "model": "auth.permission", "fields": {"codename": "delete_group", "name": "Can delete group", "content_type": 2}}, {"pk": 12, "model": "auth.permission", "fields": {"codename": "delete_message", "name": "Can delete message", "content_type": 4}}, {"pk": 3, "model": "auth.permission", "fields": {"codename": "delete_permission", "name": "Can delete permission", "content_type": 1}}, {"pk": 9, "model": "auth.permission", "fields": {"codename": "delete_user", "name": "Can delete user", "content_type": 3}}, {"pk": 61, "model": "auth.permission", "fields": {"codename": "add_comment", "name": "Can add comment", "content_type": 21}}, {"pk": 65, "model": "auth.permission", "fields": {"codename": "add_commentflag", "name": "Can add comment flag", "content_type": 22}}, {"pk": 64, "model": "auth.permission", "fields": {"codename": "can_moderate", "name": "Can moderate comments", "content_type": 21}}, {"pk": 62, "model": "auth.permission", "fields": {"codename": "change_comment", "name": "Can change comment", "content_type": 21}}, {"pk": 66, "model": "auth.permission", "fields": {"codename": "change_commentflag", "name": "Can change comment flag", "content_type": 22}}, {"pk": 63, "model": "auth.permission", "fields": {"codename": "delete_comment", "name": "Can delete comment", "content_type": 21}}, {"pk": 67, "model": "auth.permission", "fields": {"codename": "delete_commentflag", "name": "Can delete comment flag", "content_type": 22}}, {"pk": 13, "model": "auth.permission", "fields": {"codename": "add_contenttype", "name": "Can add content type", "content_type": 5}}, {"pk": 14, "model": "auth.permission", "fields": {"codename": "change_contenttype", "name": "Can change content type", "content_type": 5}}, {"pk": 15, "model": "auth.permission", "fields": {"codename": "delete_contenttype", "name": "Can delete content type", "content_type": 5}}, {"pk": 43, "model": "auth.permission", "fields": {"codename": "add_dayplan", "name": "Can add day plan", "content_type": 15}}, {"pk": 40, "model": "auth.permission", "fields": {"codename": "add_diet", "name": "Can add diet", "content_type": 14}}, {"pk": 49, "model": "auth.permission", "fields": {"codename": "add_food", "name": "Can add food", "content_type": 17}}, {"pk": 46, "model": "auth.permission", "fields": {"codename": "add_meal", "name": "Can add meal", "content_type": 16}}, {"pk": 44, "model": "auth.permission", "fields": {"codename": "change_dayplan", "name": "Can change day plan", "content_type": 15}}, {"pk": 41, "model": "auth.permission", "fields": {"codename": "change_diet", "name": "Can change diet", "content_type": 14}}, {"pk": 50, "model": "auth.permission", "fields": {"codename": "change_food", "name": "Can change food", "content_type": 17}}, {"pk": 47, "model": "auth.permission", "fields": {"codename": "change_meal", "name": "Can change meal", "content_type": 16}}, {"pk": 45, "model": "auth.permission", "fields": {"codename": "delete_dayplan", "name": "Can delete day plan", "content_type": 15}}, {"pk": 42, "model": "auth.permission", "fields": {"codename": "delete_diet", "name": "Can delete diet", "content_type": 14}}, {"pk": 51, "model": "auth.permission", "fields": {"codename": "delete_food", "name": "Can delete food", "content_type": 17}}, {"pk": 48, "model": "auth.permission", "fields": {"codename": "delete_meal", "name": "Can delete meal", "content_type": 16}}, {"pk": 58, "model": "auth.permission", "fields": {"codename": "add_flatpage", "name": "Can add flat page", "content_type": 20}}, {"pk": 59, "model": "auth.permission", "fields": {"codename": "change_flatpage", "name": "Can change flat page", "content_type": 20}}, {"pk": 60, "model": "auth.permission", "fields": {"codename": "delete_flatpage", "name": "Can delete flat page", "content_type": 20}}, {"pk": 37, "model": "auth.permission", "fields": {"codename": "add_coupon", "name": "Can add coupon", "content_type": 13}}, {"pk": 34, "model": "auth.permission", "fields": {"codename": "add_profile", "name": "Can add profile", "content_type": 12}}, {"pk": 52, "model": "auth.permission", "fields": {"codename": "add_userdata", "name": "Can add user data", "content_type": 18}}, {"pk": 38, "model": "auth.permission", "fields": {"codename": "change_coupon", "name": "Can change coupon", "content_type": 13}}, {"pk": 35, "model": "auth.permission", "fields": {"codename": "change_profile", "name": "Can change profile", "content_type": 12}}, {"pk": 53, "model": "auth.permission", "fields": {"codename": "change_userdata", "name": "Can change user data", "content_type": 18}}, {"pk": 39, "model": "auth.permission", "fields": {"codename": "delete_coupon", "name": "Can delete coupon", "content_type": 13}}, {"pk": 36, "model": "auth.permission", "fields": {"codename": "delete_profile", "name": "Can delete profile", "content_type": 12}}, {"pk": 54, "model": "auth.permission", "fields": {"codename": "delete_userdata", "name": "Can delete user data", "content_type": 18}}, {"pk": 31, "model": "auth.permission", "fields": {"codename": "add_coupon", "name": "Can add coupon", "content_type": 11}}, {"pk": 28, "model": "auth.permission", "fields": {"codename": "add_profile", "name": "Can add profile", "content_type": 10}}, {"pk": 32, "model": "auth.permission", "fields": {"codename": "change_coupon", "name": "Can change coupon", "content_type": 11}}, {"pk": 29, "model": "auth.permission", "fields": {"codename": "change_profile", "name": "Can change profile", "content_type": 10}}, {"pk": 33, "model": "auth.permission", "fields": {"codename": "delete_coupon", "name": "Can delete coupon", "content_type": 11}}, {"pk": 30, "model": "auth.permission", "fields": {"codename": "delete_profile", "name": "Can delete profile", "content_type": 10}}, {"pk": 25, "model": "auth.permission", "fields": {"codename": "add_registrationprofile", "name": "Can add registration profile", "content_type": 9}}, {"pk": 26, "model": "auth.permission", "fields": {"codename": "change_registrationprofile", "name": "Can change registration profile", "content_type": 9}}, {"pk": 27, "model": "auth.permission", "fields": {"codename": "delete_registrationprofile", "name": "Can delete registration profile", "content_type": 9}}, {"pk": 16, "model": "auth.permission", "fields": {"codename": "add_session", "name": "Can add session", "content_type": 6}}, {"pk": 17, "model": "auth.permission", "fields": {"codename": "change_session", "name": "Can change session", "content_type": 6}}, {"pk": 18, "model": "auth.permission", "fields": {"codename": "delete_session", "name": "Can delete session", "content_type": 6}}, {"pk": 19, "model": "auth.permission", "fields": {"codename": "add_site", "name": "Can add site", "content_type": 7}}, {"pk": 20, "model": "auth.permission", "fields": {"codename": "change_site", "name": "Can change site", "content_type": 7}}, {"pk": 21, "model": "auth.permission", "fields": {"codename": "delete_site", "name": "Can delete site", "content_type": 7}}, {"pk": 55, "model": "auth.permission", "fields": {"codename": "add_migrationhistory", "name": "Can add migration history", "content_type": 19}}, {"pk": 56, "model": "auth.permission", "fields": {"codename": "change_migrationhistory", "name": "Can change migration history", "content_type": 19}}, {"pk": 57, "model": "auth.permission", "fields": {"codename": "delete_migrationhistory", "name": "Can delete migration history", "content_type": 19}}, {"pk": 23, "model": "auth.user", "fields": {"username": "michal_klujszo_t2_10clouds_com", "first_name": "", "last_name": "", "is_active": true, "is_superuser": false, "is_staff": false, "last_login": "2009-09-12 22:04:03", "groups": [], "user_permissions": [], "password": "sha1$965a0$e75b913c0ffcf6ca3bdb9886b1cd11c92babca53", "email": "michal.klujszo+t2@10clouds.com", "date_joined": "2009-09-12 21:29:43"}}, {"pk": 13, "model": "auth.user", "fields": {"username": "test_gmail_com", "first_name": "", "last_name": "", "is_active": true, "is_superuser": false, "is_staff": false, "last_login": "2009-09-30 16:30:32", "groups": [], "user_permissions": [], "password": "sha1$54c6e$c088dc85bfef89d96eb19d8c8b40779352ec334b", "email": "test@gmail.com", "date_joined": "2009-09-03 21:38:06"}}, {"pk": 26, "model": "auth.user", "fields": {"username": "istartup", "first_name": "", "last_name": "", "is_active": true, "is_superuser": false, "is_staff": true, "last_login": "2009-10-01 11:11:25", "groups": [], "user_permissions": [], "password": "sha1$deef1$437b957cc16fcea505cfac3cbcf6d16a79408962", "email": "wieczorek.gabinet@wp.pl", "date_joined": "2009-09-18 11:28:41"}}, {"pk": 27, "model": "auth.user", "fields": {"username": "kolinko_gmail_com", "first_name": "", "last_name": "", "is_active": true, "is_superuser": false, "is_staff": false, "last_login": "2009-09-18 12:27:02", "groups": [], "user_permissions": [], "password": "sha1$deef1$a3b22f437c6872a973e9e5226d096a1a7f7959c5", "email": "kolinko@gmail.com", "date_joined": "2009-09-18 12:26:31"}}, {"pk": 12, "model": "auth.user", "fields": {"username": "mklujszo_gmail_com", "first_name": "", "last_name": "", "is_active": true, "is_superuser": false, "is_staff": false, "last_login": "2009-09-18 12:35:56", "groups": [], "user_permissions": [], "password": "sha1$54512$d3a2a00709fc6571af031923a3a0adc71916d559", "email": "mklujszo@gmail.com", "date_joined": "2009-08-14 21:03:37"}}, {"pk": 24, "model": "auth.user", "fields": {"username": "mklujszo_2_gmail_com", "first_name": "", "last_name": "", "is_active": false, "is_superuser": false, "is_staff": false, "last_login": "2009-09-16 07:33:24", "groups": [], "user_permissions": [], "password": "sha1$1d56d$c256085faf553955fa3c5cbc1db631ad7687677c", "email": "mklujszo+2@gmail.com", "date_joined": "2009-09-16 07:33:24"}}, {"pk": 16, "model": "auth.user", "fields": {"username": "mklujszo_test_gmail_com", "first_name": "", "last_name": "", "is_active": true, "is_superuser": false, "is_staff": false, "last_login": "2009-09-12 10:49:24", "groups": [], "user_permissions": [], "password": "sha1$ea110$5cdf5254720b5e6e0202c7e4530d3d5f70d35dde", "email": "mklujszo+test@gmail.com", "date_joined": "2009-09-12 10:49:24"}}, {"pk": 19, "model": "auth.user", "fields": {"username": "mklujszo_1_gmail_com", "first_name": "", "last_name": "", "is_active": false, "is_superuser": false, "is_staff": false, "last_login": "2009-09-12 21:24:28", "groups": [], "user_permissions": [], "password": "sha1$a883e$87b07d47c7f6d7b30cf5b2e4777f8349c3ee8df2", "email": "mklujszo+1@gmail.com", "date_joined": "2009-09-12 21:24:28"}}, {"pk": 20, "model": "auth.user", "fields": {"username": "mklujszo_test2_gmail_com", "first_name": "", "last_name": "", "is_active": false, "is_superuser": false, "is_staff": false, "last_login": "2009-09-12 21:27:53", "groups": [], "user_permissions": [], "password": "sha1$42f6e$6dbe47cea1d57165e515aed38c1a9fef06dcf0cc", "email": "mklujszo+test2@gmail.com", "date_joined": "2009-09-12 21:27:53"}}, {"pk": 21, "model": "auth.user", "fields": {"username": "michal_klujszo_test2_gmail_com", "first_name": "", "last_name": "", "is_active": false, "is_superuser": false, "is_staff": false, "last_login": "2009-09-12 21:28:47", "groups": [], "user_permissions": [], "password": "sha1$1bf72$3f70a9a91c0e8331d28d17ec1da643f8e8863022", "email": "michal.klujszo+test2@gmail.com", "date_joined": "2009-09-12 21:28:47"}}, {"pk": 25, "model": "auth.user", "fields": {"username": "mklujszo_3_gmail_com", "first_name": "", "last_name": "", "is_active": true, "is_superuser": false, "is_staff": false, "last_login": "2009-09-16 07:36:01", "groups": [], "user_permissions": [], "password": "sha1$82998$452ab030fc53e0ccb2e9443cae7f692651045cce", "email": "mklujszo+3@gmail.com", "date_joined": "2009-09-16 07:35:42"}}, {"pk": 1, "model": "auth.user", "fields": {"username": "root", "first_name": "", "last_name": "", "is_active": true, "is_superuser": true, "is_staff": true, "last_login": "2009-10-04 22:28:51", "groups": [], "user_permissions": [], "password": "sha1$9cc82$4b8b276aa0a4024311a49f8dd8eba28596006d57", "email": "dietetyk@dieter.pl", "date_joined": "2009-06-08 19:21:41"}}, {"pk": 15, "model": "auth.user", "fields": {"username": "mklujszo_dieter_gmail_com", "first_name": "", "last_name": "", "is_active": true, "is_superuser": false, "is_staff": false, "last_login": "2009-09-21 09:37:40", "groups": [], "user_permissions": [], "password": "sha1$df880$cd2dad98418a6b7267da380051ebaac7f2295387", "email": "mklujszo+dieter@gmail.com", "date_joined": "2009-09-11 13:55:33"}}, {"pk": 14, "model": "auth.user", "fields": {"username": "miakaaa_gmail_com", "first_name": "", "last_name": "", "is_active": true, "is_superuser": false, "is_staff": false, "last_login": "2009-09-21 09:57:14", "groups": [], "user_permissions": [], "password": "sha1$eddba$24201deb4529a041ceb3d1494dd13c294a863708", "email": "miakaaa@gmail.com", "date_joined": "2009-09-07 21:06:19"}}, {"pk": 18, "model": "auth.user", "fields": {"username": "michal_klujszo_10clouds_com", "first_name": "", "last_name": "", "is_active": true, "is_superuser": false, "is_staff": false, "last_login": "2009-10-08 11:51:07", "groups": [], "user_permissions": [], "password": "sha1$15a5a$fb4110038684b691afb6a4a7ced2711478c86138", "email": "michal.klujszo@10clouds.com", "date_joined": "2009-09-12 10:54:14"}}, {"pk": 28, "model": "auth.user", "fields": {"username": "mp_slimcenter_pl", "first_name": "", "last_name": "", "is_active": true, "is_superuser": false, "is_staff": false, "last_login": "2009-09-22 11:33:30", "groups": [], "user_permissions": [], "password": "sha1$deef1$4f09e0a8cf9911fe9978bfeb8d44cad418e7a1f8", "email": "mp@slimcenter.pl", "date_joined": "2009-09-22 11:20:03"}}, {"pk": 29, "model": "auth.user", "fields": {"username": "mklujszo_10_gmail_com", "first_name": "", "last_name": "", "is_active": true, "is_superuser": false, "is_staff": false, "last_login": "2009-10-09 14:56:07", "groups": [], "user_permissions": [], "password": "sha1$af0dc$4c6276a3a8cd8ddafcedd99fc44ba644b7e18ce0", "email": "mklujszo+10@gmail.com", "date_joined": "2009-10-09 14:55:54"}}, {"pk": 24, "model": "diet.diet", "fields": {"state": "", "start_date": "2009-09-25", "user": 12}}, {"pk": 25, "model": "diet.diet", "fields": {"state": "sent", "start_date": "2009-09-13", "user": 23}}, {"pk": 26, "model": "diet.diet", "fields": {"state": "sent", "start_date": null, "user": 14}}, {"pk": 22, "model": "diet.diet", "fields": {"state": "sent", "start_date": "2009-10-06", "user": 18}}, {"pk": 405, "model": "diet.dayplan", "fields": {"sequence_no": 1, "diet": 25}}, {"pk": 385, "model": "diet.dayplan", "fields": {"sequence_no": 1, "diet": 24}}, {"pk": 332, "model": "diet.dayplan", "fields": {"sequence_no": 1, "diet": 22}}, {"pk": 425, "model": "diet.dayplan", "fields": {"sequence_no": 1, "diet": 26}}, {"pk": 426, "model": "diet.dayplan", "fields": {"sequence_no": 2, "diet": 26}}, {"pk": 333, "model": "diet.dayplan", "fields": {"sequence_no": 2, "diet": 22}}, {"pk": 386, "model": "diet.dayplan", "fields": {"sequence_no": 2, "diet": 24}}, {"pk": 406, "model": "diet.dayplan", "fields": {"sequence_no": 2, "diet": 25}}, {"pk": 408, "model": "diet.dayplan", "fields": {"sequence_no": 3, "diet": 25}}, {"pk": 427, "model": "diet.dayplan", "fields": {"sequence_no": 3, "diet": 26}}, {"pk": 387, "model": "diet.dayplan", "fields": {"sequence_no": 3, "diet": 24}}, {"pk": 334, "model": "diet.dayplan", "fields": {"sequence_no": 3, "diet": 22}}, {"pk": 428, "model": "diet.dayplan", "fields": {"sequence_no": 4, "diet": 26}}, {"pk": 335, "model": "diet.dayplan", "fields": {"sequence_no": 4, "diet": 22}}, {"pk": 411, "model": "diet.dayplan", "fields": {"sequence_no": 4, "diet": 25}}, {"pk": 388, "model": "diet.dayplan", "fields": {"sequence_no": 4, "diet": 24}}, {"pk": 412, "model": "diet.dayplan", "fields": {"sequence_no": 5, "diet": 25}}, {"pk": 389, "model": "diet.dayplan", "fields": {"sequence_no": 5, "diet": 24}}, {"pk": 429, "model": "diet.dayplan", "fields": {"sequence_no": 5, "diet": 26}}, {"pk": 336, "model": "diet.dayplan", "fields": {"sequence_no": 5, "diet": 22}}, {"pk": 430, "model": "diet.dayplan", "fields": {"sequence_no": 6, "diet": 26}}, {"pk": 390, "model": "diet.dayplan", "fields": {"sequence_no": 6, "diet": 24}}, {"pk": 337, "model": "diet.dayplan", "fields": {"sequence_no": 6, "diet": 22}}, {"pk": 431, "model": "diet.dayplan", "fields": {"sequence_no": 7, "diet": 26}}, {"pk": 391, "model": "diet.dayplan", "fields": {"sequence_no": 7, "diet": 24}}, {"pk": 338, "model": "diet.dayplan", "fields": {"sequence_no": 7, "diet": 22}}, {"pk": 432, "model": "diet.dayplan", "fields": {"sequence_no": 8, "diet": 26}}, {"pk": 339, "model": "diet.dayplan", "fields": {"sequence_no": 8, "diet": 22}}, {"pk": 392, "model": "diet.dayplan", "fields": {"sequence_no": 8, "diet": 24}}, {"pk": 393, "model": "diet.dayplan", "fields": {"sequence_no": 9, "diet": 24}}, {"pk": 340, "model": "diet.dayplan", "fields": {"sequence_no": 9, "diet": 22}}, {"pk": 433, "model": "diet.dayplan", "fields": {"sequence_no": 9, "diet": 26}}, {"pk": 434, "model": "diet.dayplan", "fields": {"sequence_no": 10, "diet": 26}}, {"pk": 341, "model": "diet.dayplan", "fields": {"sequence_no": 10, "diet": 22}}, {"pk": 394, "model": "diet.dayplan", "fields": {"sequence_no": 10, "diet": 24}}, {"pk": 342, "model": "diet.dayplan", "fields": {"sequence_no": 11, "diet": 22}}, {"pk": 395, "model": "diet.dayplan", "fields": {"sequence_no": 11, "diet": 24}}, {"pk": 435, "model": "diet.dayplan", "fields": {"sequence_no": 11, "diet": 26}}, {"pk": 343, "model": "diet.dayplan", "fields": {"sequence_no": 12, "diet": 22}}, {"pk": 436, "model": "diet.dayplan", "fields": {"sequence_no": 12, "diet": 26}}, {"pk": 396, "model": "diet.dayplan", "fields": {"sequence_no": 12, "diet": 24}}, {"pk": 344, "model": "diet.dayplan", "fields": {"sequence_no": 13, "diet": 22}}, {"pk": 437, "model": "diet.dayplan", "fields": {"sequence_no": 13, "diet": 26}}, {"pk": 397, "model": "diet.dayplan", "fields": {"sequence_no": 13, "diet": 24}}, {"pk": 438, "model": "diet.dayplan", "fields": {"sequence_no": 14, "diet": 26}}, {"pk": 398, "model": "diet.dayplan", "fields": {"sequence_no": 14, "diet": 24}}, {"pk": 345, "model": "diet.dayplan", "fields": {"sequence_no": 14, "diet": 22}}, {"pk": 346, "model": "diet.dayplan", "fields": {"sequence_no": 15, "diet": 22}}, {"pk": 439, "model": "diet.dayplan", "fields": {"sequence_no": 15, "diet": 26}}, {"pk": 399, "model": "diet.dayplan", "fields": {"sequence_no": 15, "diet": 24}}, {"pk": 440, "model": "diet.dayplan", "fields": {"sequence_no": 16, "diet": 26}}, {"pk": 347, "model": "diet.dayplan", "fields": {"sequence_no": 16, "diet": 22}}, {"pk": 400, "model": "diet.dayplan", "fields": {"sequence_no": 16, "diet": 24}}, {"pk": 348, "model": "diet.dayplan", "fields": {"sequence_no": 17, "diet": 22}}, {"pk": 401, "model": "diet.dayplan", "fields": {"sequence_no": 17, "diet": 24}}, {"pk": 441, "model": "diet.dayplan", "fields": {"sequence_no": 17, "diet": 26}}, {"pk": 402, "model": "diet.dayplan", "fields": {"sequence_no": 18, "diet": 24}}, {"pk": 354, "model": "diet.dayplan", "fields": {"sequence_no": 18, "diet": 22}}, {"pk": 442, "model": "diet.dayplan", "fields": {"sequence_no": 18, "diet": 26}}, {"pk": 443, "model": "diet.dayplan", "fields": {"sequence_no": 19, "diet": 26}}, {"pk": 403, "model": "diet.dayplan", "fields": {"sequence_no": 19, "diet": 24}}, {"pk": 355, "model": "diet.dayplan", "fields": {"sequence_no": 19, "diet": 22}}, {"pk": 356, "model": "diet.dayplan", "fields": {"sequence_no": 20, "diet": 22}}, {"pk": 444, "model": "diet.dayplan", "fields": {"sequence_no": 20, "diet": 26}}, {"pk": 404, "model": "diet.dayplan", "fields": {"sequence_no": 20, "diet": 24}}, {"pk": 357, "model": "diet.dayplan", "fields": {"sequence_no": 21, "diet": 22}}, {"pk": 511, "model": "diet.meal", "fields": {"name": "chleb razowy z serkiem almette", "sequence_no": 0, "unit_type": null, "type": "breakfest", "day": 340, "quantity": 1.0}}, {"pk": 291, "model": "diet.meal", "fields": {"name": "actimel", "sequence_no": 0, "unit_type": null, "type": "breakfest", "day": 337, "quantity": 1.0}}, {"pk": 454, "model": "diet.meal", "fields": {"name": "pol\u0119dwica \u0142ososiowa", "sequence_no": 0, "unit_type": "g", "type": "breakfest", "day": 354, "quantity": 10.0}}, {"pk": 368, "model": "diet.meal", "fields": {"name": "chleb razowy z serkiem almette", "sequence_no": 0, "unit_type": "kromka", "type": "breakfest", "day": 343, "quantity": 1.0}}, {"pk": 315, "model": "diet.meal", "fields": {"name": "szynka mielona", "sequence_no": 0, "unit_type": "plastry", "type": "breakfest", "day": 339, "quantity": 2.0}}, {"pk": 618, "model": "diet.meal", "fields": {"name": "Serek waniliowy", "sequence_no": 0, "unit_type": "g", "type": "breakfest", "day": 334, "quantity": 200.0}}, {"pk": 345, "model": "diet.meal", "fields": {"name": "chleb zwyk\u0142y z serkiem almette", "sequence_no": 0, "unit_type": "kromka", "type": "breakfest", "day": 341, "quantity": 1.0}}, {"pk": 380, "model": "diet.meal", "fields": {"name": "jogurt naturalny", "sequence_no": 0, "unit_type": null, "type": "breakfest", "day": 344, "quantity": 1.0}}, {"pk": 486, "model": "diet.meal", "fields": {"name": "chleb zwyk\u0142y z serkiem almette", "sequence_no": 0, "unit_type": "kromka", "type": "breakfest", "day": 356, "quantity": 1.0}}, {"pk": 774, "model": "diet.meal", "fields": {"name": "jajko na mi\u0119kko", "sequence_no": 0, "unit_type": null, "type": "breakfest", "day": 385, "quantity": 1.0}}, {"pk": 264, "model": "diet.meal", "fields": {"name": "Chleb razowy z serkiem almette", "sequence_no": 0, "unit_type": "kromka", "type": "breakfest", "day": 335, "quantity": 1.0}}, {"pk": 304, "model": "diet.meal", "fields": {"name": "chleb zwyk\u0142y z serkiem almette", "sequence_no": 0, "unit_type": "kromka", "type": "breakfest", "day": 338, "quantity": 1.0}}, {"pk": 414, "model": "diet.meal", "fields": {"name": "mleko 2%", "sequence_no": 0, "unit_type": "szklanka", "type": "breakfest", "day": 347, "quantity": 1.0}}, {"pk": 607, "model": "diet.meal", "fields": {"name": "pomidor", "sequence_no": 0, "unit_type": null, "type": "breakfest", "day": 333, "quantity": 1.0}}, {"pk": 278, "model": "diet.meal", "fields": {"name": "chleb zwyk\u0142y z serkiem almette", "sequence_no": 0, "unit_type": "kromka", "type": "breakfest", "day": 336, "quantity": 1.0}}, {"pk": 472, "model": "diet.meal", "fields": {"name": "chleb razowy", "sequence_no": 0, "unit_type": "kromka", "type": "breakfest", "day": 355, "quantity": 1.0}}, {"pk": 761, "model": "diet.meal", "fields": {"name": "Chleb razowy", "sequence_no": 0, "unit_type": "kromka", "type": "breakfest", "day": 332, "quantity": 1.0}}, {"pk": 402, "model": "diet.meal", "fields": {"name": "chleb razowy z serkiem almette", "sequence_no": 0, "unit_type": null, "type": "breakfest", "day": 346, "quantity": 1.0}}, {"pk": 392, "model": "diet.meal", "fields": {"name": "pomidor", "sequence_no": 0, "unit_type": null, "type": "breakfest", "day": 345, "quantity": 1.0}}, {"pk": 426, "model": "diet.meal", "fields": {"name": "chleb razowy z serkiem almette", "sequence_no": 0, "unit_type": null, "type": "breakfest", "day": 348, "quantity": 1.0}}, {"pk": 499, "model": "diet.meal", "fields": {"name": "mleko 2%", "sequence_no": 0, "unit_type": "szklanka", "type": "breakfest", "day": 357, "quantity": 1.0}}, {"pk": 796, "model": "diet.meal", "fields": {"name": "chleb chrupki", "sequence_no": 0, "unit_type": "kromka", "type": "breakfest", "day": 411, "quantity": 1.0}}, {"pk": 795, "model": "diet.meal", "fields": {"name": "banan", "sequence_no": 0, "unit_type": null, "type": "breakfest", "day": 406, "quantity": 1.0}}, {"pk": 358, "model": "diet.meal", "fields": {"name": "Serek chudy naturalny", "sequence_no": 0, "unit_type": "g", "type": "breakfest", "day": 342, "quantity": 200.0}}, {"pk": 808, "model": "diet.meal", "fields": {"name": "pomidor", "sequence_no": 0, "unit_type": null, "type": "breakfest", "day": 425, "quantity": 2.0}}, {"pk": 797, "model": "diet.meal", "fields": {"name": "jajko na mi\u0119kko", "sequence_no": 0, "unit_type": null, "type": "breakfest", "day": 405, "quantity": 1.0}}, {"pk": 369, "model": "diet.meal", "fields": {"name": "Szynka drobiowa", "sequence_no": 1, "unit_type": "g", "type": "breakfest", "day": 343, "quantity": 80.0}}, {"pk": 798, "model": "diet.meal", "fields": {"name": "chleb chrupki z almete", "sequence_no": 1, "unit_type": null, "type": "breakfest", "day": 405, "quantity": 1.0}}, {"pk": 608, "model": "diet.meal", "fields": {"name": "Chleb zwyk\u0142y z serkiem almette", "sequence_no": 1, "unit_type": "kromka", "type": "breakfest", "day": 333, "quantity": 1.0}}, {"pk": 346, "model": "diet.meal", "fields": {"name": "szynka mielona drobiowa", "sequence_no": 1, "unit_type": "g", "type": "breakfest", "day": 341, "quantity": 50.0}}, {"pk": 265, "model": "diet.meal", "fields": {"name": "Ser bia\u0142y chudy", "sequence_no": 1, "unit_type": "g", "type": "breakfest", "day": 335, "quantity": 70.0}}, {"pk": 473, "model": "diet.meal", "fields": {"name": "og\u00f3rek", "sequence_no": 1, "unit_type": "g", "type": "breakfest", "day": 355, "quantity": 70.0}}, {"pk": 279, "model": "diet.meal", "fields": {"name": "pomidor", "sequence_no": 1, "unit_type": null, "type": "breakfest", "day": 336, "quantity": 3.0}}, {"pk": 427, "model": "diet.meal", "fields": {"name": "jajko na twardo", "sequence_no": 1, "unit_type": null, "type": "breakfest", "day": 348, "quantity": 1.0}}, {"pk": 403, "model": "diet.meal", "fields": {"name": "sa\u0142atka z pomidor\u00f3w i og\u00f3rk\u00f3w", "sequence_no": 1, "unit_type": "g", "type": "breakfest", "day": 346, "quantity": 150.0}}, {"pk": 292, "model": "diet.meal", "fields": {"name": "chleb razowy z serkiem almette", "sequence_no": 1, "unit_type": "kromka", "type": "breakfest", "day": 337, "quantity": 1.0}}, {"pk": 381, "model": "diet.meal", "fields": {"name": "chleb zwyk\u0142y z serkiem almette", "sequence_no": 1, "unit_type": null, "type": "breakfest", "day": 344, "quantity": 1.0}}, {"pk": 775, "model": "diet.meal", "fields": {"name": "chleb razowy z serkiem almette", "sequence_no": 1, "unit_type": "kromka", "type": "breakfest", "day": 385, "quantity": 1.0}}, {"pk": 305, "model": "diet.meal", "fields": {"name": "jajko na mi\u0119kko", "sequence_no": 1, "unit_type": null, "type": "breakfest", "day": 338, "quantity": 1.0}}, {"pk": 619, "model": "diet.meal", "fields": {"name": "Pomidor", "sequence_no": 1, "unit_type": "ma\u0142e", "type": "breakfest", "day": 334, "quantity": 3.0}}, {"pk": 393, "model": "diet.meal", "fields": {"name": "szynka drobiowa", "sequence_no": 1, "unit_type": "g", "type": "breakfest", "day": 345, "quantity": 80.0}}, {"pk": 512, "model": "diet.meal", "fields": {"name": "og\u00f3rek", "sequence_no": 1, "unit_type": "g", "type": "breakfest", "day": 340, "quantity": 70.0}}, {"pk": 316, "model": "diet.meal", "fields": {"name": "chleb chrupki z almete", "sequence_no": 1, "unit_type": "kromki", "type": "breakfest", "day": 339, "quantity": 0.5}}, {"pk": 487, "model": "diet.meal", "fields": {"name": "paszted drobiowy", "sequence_no": 1, "unit_type": "g", "type": "breakfest", "day": 356, "quantity": 50.0}}, {"pk": 415, "model": "diet.meal", "fields": {"name": "chleb razowy z serkiem almette", "sequence_no": 1, "unit_type": null, "type": "breakfest", "day": 347, "quantity": 1.0}}, {"pk": 500, "model": "diet.meal", "fields": {"name": "p\u0142atki fitness ", "sequence_no": 1, "unit_type": "\u0142y\u017cki", "type": "breakfest", "day": 357, "quantity": 2.0}}, {"pk": 762, "model": "diet.meal", "fields": {"name": "Szynka chuda", "sequence_no": 1, "unit_type": "g", "type": "breakfest", "day": 332, "quantity": 30.0}}, {"pk": 359, "model": "diet.meal", "fields": {"name": "pomidor", "sequence_no": 1, "unit_type": null, "type": "breakfest", "day": 342, "quantity": 3.0}}, {"pk": 455, "model": "diet.meal", "fields": {"name": "chleb zwyk\u0142y z serkiem almette", "sequence_no": 1, "unit_type": "kromka", "type": "breakfest", "day": 354, "quantity": 1.0}}, {"pk": 474, "model": "diet.meal", "fields": {"name": "pomidor", "sequence_no": 2, "unit_type": "g", "type": "breakfest", "day": 355, "quantity": 70.0}}, {"pk": 317, "model": "diet.meal", "fields": {"name": "pomidor", "sequence_no": 2, "unit_type": null, "type": "breakfest", "day": 339, "quantity": 2.0}}, {"pk": 799, "model": "diet.meal", "fields": {"name": "pomidor", "sequence_no": 2, "unit_type": null, "type": "breakfest", "day": 405, "quantity": 2.0}}, {"pk": 370, "model": "diet.meal", "fields": {"name": "Sa\u0142ata", "sequence_no": 2, "unit_type": "g", "type": "breakfest", "day": 343, "quantity": 100.0}}, {"pk": 456, "model": "diet.meal", "fields": {"name": "og\u00f3rek", "sequence_no": 2, "unit_type": null, "type": "breakfest", "day": 354, "quantity": 2.0}}, {"pk": 293, "model": "diet.meal", "fields": {"name": "Pol\u0119dwica sopocka", "sequence_no": 2, "unit_type": "g", "type": "breakfest", "day": 337, "quantity": 20.0}}, {"pk": 776, "model": "diet.meal", "fields": {"name": "sok pomara\u0144czowy", "sequence_no": 2, "unit_type": "szklanka", "type": "breakfest", "day": 385, "quantity": 1.0}}, {"pk": 428, "model": "diet.meal", "fields": {"name": "paszted drobiowy", "sequence_no": 2, "unit_type": "g", "type": "breakfest", "day": 348, "quantity": 50.0}}, {"pk": 360, "model": "diet.meal", "fields": {"name": "og\u00f3rek", "sequence_no": 2, "unit_type": null, "type": "breakfest", "day": 342, "quantity": 1.0}}, {"pk": 609, "model": "diet.meal", "fields": {"name": "Jajko na mi\u0119kko", "sequence_no": 2, "unit_type": "szt", "type": "breakfest", "day": 333, "quantity": 1.0}}, {"pk": 501, "model": "diet.meal", "fields": {"name": "jab\u0142ko", "sequence_no": 2, "unit_type": null, "type": "breakfest", "day": 357, "quantity": 1.0}}, {"pk": 347, "model": "diet.meal", "fields": {"name": "ser bia\u0142y chudy", "sequence_no": 2, "unit_type": "g", "type": "breakfest", "day": 341, "quantity": 70.0}}, {"pk": 266, "model": "diet.meal", "fields": {"name": "Sa\u0142ata", "sequence_no": 2, "unit_type": "g", "type": "breakfest", "day": 335, "quantity": 100.0}}, {"pk": 306, "model": "diet.meal", "fields": {"name": "Pasztet drobiowy", "sequence_no": 2, "unit_type": "g", "type": "breakfest", "day": 338, "quantity": 50.0}}, {"pk": 394, "model": "diet.meal", "fields": {"name": "serek homogenizowany chudy", "sequence_no": 2, "unit_type": "g", "type": "breakfest", "day": 345, "quantity": 150.0}}, {"pk": 416, "model": "diet.meal", "fields": {"name": "szynka wiejska bez t\u0142uszczu", "sequence_no": 2, "unit_type": "g", "type": "breakfest", "day": 347, "quantity": 20.0}}, {"pk": 382, "model": "diet.meal", "fields": {"name": "jajko na mi\u0119kko", "sequence_no": 2, "unit_type": null, "type": "breakfest", "day": 344, "quantity": 1.0}}, {"pk": 280, "model": "diet.meal", "fields": {"name": "Og\u00f3rek", "sequence_no": 2, "unit_type": "g", "type": "breakfest", "day": 336, "quantity": 100.0}}, {"pk": 620, "model": "diet.meal", "fields": {"name": "Szynka mielona", "sequence_no": 2, "unit_type": "plastry", "type": "breakfest", "day": 334, "quantity": 2.0}}, {"pk": 488, "model": "diet.meal", "fields": {"name": "twar\u00f3g chudy", "sequence_no": 2, "unit_type": "g", "type": "breakfest", "day": 356, "quantity": 70.0}}, {"pk": 513, "model": "diet.meal", "fields": {"name": "pomidor", "sequence_no": 2, "unit_type": "g", "type": "breakfest", "day": 340, "quantity": 70.0}}, {"pk": 763, "model": "diet.meal", "fields": {"name": "Serek wiejski 9%", "sequence_no": 2, "unit_type": "g", "type": "breakfest", "day": 332, "quantity": 150.0}}, {"pk": 404, "model": "diet.meal", "fields": {"name": "paszted drobiowy", "sequence_no": 2, "unit_type": "g", "type": "breakfest", "day": 346, "quantity": 30.0}}, {"pk": 489, "model": "diet.meal", "fields": {"name": "sa\u0142ata", "sequence_no": 3, "unit_type": "g", "type": "breakfest", "day": 356, "quantity": 100.0}}, {"pk": 417, "model": "diet.meal", "fields": {"name": "serek homogenizowany chudy", "sequence_no": 3, "unit_type": "g", "type": "brunch", "day": 347, "quantity": 100.0}}, {"pk": 405, "model": "diet.meal", "fields": {"name": "jab\u0142ko ", "sequence_no": 3, "unit_type": null, "type": "brunch", "day": 346, "quantity": 1.0}}, {"pk": 281, "model": "diet.meal", "fields": {"name": "pasztet drobiowy", "sequence_no": 3, "unit_type": "g", "type": "breakfest", "day": 336, "quantity": 30.0}}, {"pk": 777, "model": "diet.meal", "fields": {"name": "banan", "sequence_no": 3, "unit_type": null, "type": "brunch", "day": 385, "quantity": 1.0}}, {"pk": 294, "model": "diet.meal", "fields": {"name": "serek homogenizowany chudy", "sequence_no": 3, "unit_type": "g", "type": "brunch", "day": 337, "quantity": 200.0}}, {"pk": 267, "model": "diet.meal", "fields": {"name": "Sos do sa\u0142aty", "sequence_no": 3, "unit_type": "g", "type": "breakfest", "day": 335, "quantity": 15.0}}, {"pk": 307, "model": "diet.meal", "fields": {"name": "pomidor", "sequence_no": 3, "unit_type": null, "type": "breakfest", "day": 338, "quantity": 1.0}}, {"pk": 514, "model": "diet.meal", "fields": {"name": "jajko na twardo", "sequence_no": 3, "unit_type": null, "type": "breakfest", "day": 340, "quantity": 1.0}}, {"pk": 318, "model": "diet.meal", "fields": {"name": "twar\u00f3w chudy", "sequence_no": 3, "unit_type": "g", "type": "breakfest", "day": 339, "quantity": 70.0}}, {"pk": 502, "model": "diet.meal", "fields": {"name": "\u015bliwki", "sequence_no": 3, "unit_type": null, "type": "breakfest", "day": 357, "quantity": 2.0}}, {"pk": 764, "model": "diet.meal", "fields": {"name": "Pomidor", "sequence_no": 3, "unit_type": "szt", "type": "breakfest", "day": 332, "quantity": 1.0}}, {"pk": 475, "model": "diet.meal", "fields": {"name": "jajko na twardo", "sequence_no": 3, "unit_type": null, "type": "breakfest", "day": 355, "quantity": 1.0}}, {"pk": 610, "model": "diet.meal", "fields": {"name": "Paszted drobiowy", "sequence_no": 3, "unit_type": "g", "type": "breakfest", "day": 333, "quantity": 50.0}}, {"pk": 348, "model": "diet.meal", "fields": {"name": "sa\u0142ata", "sequence_no": 3, "unit_type": "g", "type": "breakfest", "day": 341, "quantity": 100.0}}, {"pk": 457, "model": "diet.meal", "fields": {"name": "ser bia\u0142y chudy", "sequence_no": 3, "unit_type": "g", "type": "breakfest", "day": 354, "quantity": 70.0}}, {"pk": 361, "model": "diet.meal", "fields": {"name": "serek homogenizowany chudy", "sequence_no": 3, "unit_type": "g", "type": "brunch", "day": 342, "quantity": 200.0}}, {"pk": 621, "model": "diet.meal", "fields": {"name": "Jogurt owocowy", "sequence_no": 3, "unit_type": "g", "type": "brunch", "day": 334, "quantity": 250.0}}, {"pk": 371, "model": "diet.meal", "fields": {"name": "Kefir", "sequence_no": 3, "unit_type": "g", "type": "breakfest", "day": 343, "quantity": 200.0}}, {"pk": 383, "model": "diet.meal", "fields": {"name": "jogurt owocowy", "sequence_no": 3, "unit_type": "g", "type": "brunch", "day": 344, "quantity": 300.0}}, {"pk": 429, "model": "diet.meal", "fields": {"name": "pomidor", "sequence_no": 3, "unit_type": null, "type": "breakfest", "day": 348, "quantity": 0.5}}, {"pk": 395, "model": "diet.meal", "fields": {"name": "jab\u0142ko", "sequence_no": 3, "unit_type": null, "type": "brunch", "day": 345, "quantity": 3.0}}, {"pk": 800, "model": "diet.meal", "fields": {"name": "sok pomara\u0144czowy", "sequence_no": 3, "unit_type": "szklanka", "type": "brunch", "day": 405, "quantity": 1.0}}, {"pk": 622, "model": "diet.meal", "fields": {"name": "Jab\u0142ko", "sequence_no": 4, "unit_type": null, "type": "brunch", "day": 334, "quantity": 1.0}}, {"pk": 282, "model": "diet.meal", "fields": {"name": "Banan", "sequence_no": 4, "unit_type": null, "type": "brunch", "day": 336, "quantity": 1.0}}, {"pk": 430, "model": "diet.meal", "fields": {"name": "og\u00f3rek", "sequence_no": 4, "unit_type": null, "type": "breakfest", "day": 348, "quantity": 0.5}}, {"pk": 308, "model": "diet.meal", "fields": {"name": "jogurt naturalny", "sequence_no": 4, "unit_type": "g", "type": "brunch", "day": 338, "quantity": 300.0}}, {"pk": 268, "model": "diet.meal", "fields": {"name": "Szynka chuda", "sequence_no": 4, "unit_type": "g", "type": "breakfest", "day": 335, "quantity": 15.0}}, {"pk": 295, "model": "diet.meal", "fields": {"name": "brzoskwinia", "sequence_no": 4, "unit_type": null, "type": "brunch", "day": 337, "quantity": 3.0}}, {"pk": 362, "model": "diet.meal", "fields": {"name": "pomidor", "sequence_no": 4, "unit_type": null, "type": "brunch", "day": 342, "quantity": 3.0}}, {"pk": 384, "model": "diet.meal", "fields": {"name": "kiwi", "sequence_no": 4, "unit_type": null, "type": "brunch", "day": 344, "quantity": 3.0}}, {"pk": 319, "model": "diet.meal", "fields": {"name": "szynka \u0142ososiowa", "sequence_no": 4, "unit_type": "g", "type": "breakfest", "day": 339, "quantity": 15.0}}, {"pk": 801, "model": "diet.meal", "fields": {"name": "banan", "sequence_no": 4, "unit_type": null, "type": "brunch", "day": 405, "quantity": 1.0}}, {"pk": 396, "model": "diet.meal", "fields": {"name": "jogurt naturalny", "sequence_no": 4, "unit_type": "g", "type": "brunch", "day": 345, "quantity": 250.0}}, {"pk": 778, "model": "diet.meal", "fields": {"name": "sok pomidorowy", "sequence_no": 4, "unit_type": "szklanka", "type": "brunch", "day": 385, "quantity": 1.0}}, {"pk": 406, "model": "diet.meal", "fields": {"name": "grapefruit", "sequence_no": 4, "unit_type": null, "type": "brunch", "day": 346, "quantity": 1.0}}, {"pk": 372, "model": "diet.meal", "fields": {"name": "Banan", "sequence_no": 4, "unit_type": null, "type": "brunch", "day": 343, "quantity": 1.0}}, {"pk": 611, "model": "diet.meal", "fields": {"name": "Serek homogenizowany chudy", "sequence_no": 4, "unit_type": "g", "type": "brunch", "day": 333, "quantity": 250.0}}, {"pk": 476, "model": "diet.meal", "fields": {"name": "majonez", "sequence_no": 4, "unit_type": "g", "type": "breakfest", "day": 355, "quantity": 3.0}}, {"pk": 418, "model": "diet.meal", "fields": {"name": "pomara\u0144cza", "sequence_no": 4, "unit_type": null, "type": "brunch", "day": 347, "quantity": 2.0}}, {"pk": 349, "model": "diet.meal", "fields": {"name": "serek homogenizowany chudy", "sequence_no": 4, "unit_type": "g", "type": "brunch", "day": 341, "quantity": 150.0}}, {"pk": 765, "model": "diet.meal", "fields": {"name": "Banan", "sequence_no": 4, "unit_type": "szt", "type": "brunch", "day": 332, "quantity": 1.0}}, {"pk": 515, "model": "diet.meal", "fields": {"name": "Majonez", "sequence_no": 4, "unit_type": "g", "type": "breakfest", "day": 340, "quantity": 3.0}}, {"pk": 503, "model": "diet.meal", "fields": {"name": "serek homogenizowany chudy", "sequence_no": 4, "unit_type": "g", "type": "brunch", "day": 357, "quantity": 150.0}}, {"pk": 458, "model": "diet.meal", "fields": {"name": "sa\u0142ata", "sequence_no": 4, "unit_type": "g", "type": "breakfest", "day": 354, "quantity": 100.0}}, {"pk": 459, "model": "diet.meal", "fields": {"name": "sos do sa\u0142aty", "sequence_no": 5, "unit_type": "\u0142y\u017cka", "type": "breakfest", "day": 354, "quantity": 1.0}}, {"pk": 296, "model": "diet.meal", "fields": {"name": "Gotowane indycze mi\u0119so", "sequence_no": 5, "unit_type": "g", "type": "lunch", "day": 337, "quantity": 250.0}}, {"pk": 490, "model": "diet.meal", "fields": {"name": "serek homogenizowany chudy", "sequence_no": 5, "unit_type": "g", "type": "brunch", "day": 356, "quantity": 150.0}}, {"pk": 269, "model": "diet.meal", "fields": {"name": "Serek homogenizowany chudy", "sequence_no": 5, "unit_type": "g", "type": "brunch", "day": 335, "quantity": 250.0}}, {"pk": 766, "model": "diet.meal", "fields": {"name": "Jogurt naturalny", "sequence_no": 5, "unit_type": "g", "type": "brunch", "day": 332, "quantity": 250.0}}, {"pk": 363, "model": "diet.meal", "fields": {"name": "Kasza kus-kus", "sequence_no": 5, "unit_type": "g", "type": "lunch", "day": 342, "quantity": 50.0}}, {"pk": 504, "model": "diet.meal", "fields": {"name": "sa\u0142atka z 2 pomidor\u00f3w i cebuli", "sequence_no": 5, "unit_type": null, "type": "brunch", "day": 357, "quantity": null}}, {"pk": 623, "model": "diet.meal", "fields": {"name": "Banan", "sequence_no": 5, "unit_type": null, "type": "brunch", "day": 334, "quantity": 2.0}}, {"pk": 407, "model": "diet.meal", "fields": {"name": "jogurt naturalny", "sequence_no": 5, "unit_type": "g", "type": "brunch", "day": 346, "quantity": 300.0}}, {"pk": 320, "model": "diet.meal", "fields": {"name": "sa\u0142ata", "sequence_no": 5, "unit_type": "g", "type": "breakfest", "day": 339, "quantity": 100.0}}, {"pk": 373, "model": "diet.meal", "fields": {"name": "twar\u00f3g chudy", "sequence_no": 5, "unit_type": "g", "type": "brunch", "day": 343, "quantity": 250.0}}, {"pk": 802, "model": "diet.meal", "fields": {"name": "kurczak pieczony", "sequence_no": 5, "unit_type": "g", "type": "lunch", "day": 405, "quantity": 200.0}}, {"pk": 516, "model": "diet.meal", "fields": {"name": "szynka chuda", "sequence_no": 5, "unit_type": "g", "type": "breakfest", "day": 340, "quantity": 50.0}}, {"pk": 309, "model": "diet.meal", "fields": {"name": "brzoskwinia", "sequence_no": 5, "unit_type": null, "type": "brunch", "day": 338, "quantity": 3.0}}, {"pk": 431, "model": "diet.meal", "fields": {"name": "jogurt naturalny", "sequence_no": 5, "unit_type": "g", "type": "brunch", "day": 348, "quantity": 150.0}}, {"pk": 419, "model": "diet.meal", "fields": {"name": "chleb razowy", "sequence_no": 5, "unit_type": null, "type": "brunch", "day": 347, "quantity": 1.0}}, {"pk": 397, "model": "diet.meal", "fields": {"name": "warzywa dowolne gotowane", "sequence_no": 5, "unit_type": "g", "type": "lunch", "day": 345, "quantity": 125.0}}, {"pk": 385, "model": "diet.meal", "fields": {"name": "banan", "sequence_no": 5, "unit_type": null, "type": "brunch", "day": 344, "quantity": 2.0}}, {"pk": 779, "model": "diet.meal", "fields": {"name": "Kurczak pieczony", "sequence_no": 5, "unit_type": "g", "type": "lunch", "day": 385, "quantity": 200.0}}, {"pk": 612, "model": "diet.meal", "fields": {"name": "Kiwi", "sequence_no": 5, "unit_type": "szt", "type": "brunch", "day": 333, "quantity": 2.0}}, {"pk": 283, "model": "diet.meal", "fields": {"name": "Brzoskwinia", "sequence_no": 5, "unit_type": null, "type": "brunch", "day": 336, "quantity": 1.0}}, {"pk": 350, "model": "diet.meal", "fields": {"name": "Mandarynka ", "sequence_no": 5, "unit_type": null, "type": "brunch", "day": 341, "quantity": 3.0}}, {"pk": 477, "model": "diet.meal", "fields": {"name": "szynka mielona", "sequence_no": 5, "unit_type": "g", "type": "breakfest", "day": 355, "quantity": 50.0}}, {"pk": 517, "model": "diet.meal", "fields": {"name": "jogurt naturalny", "sequence_no": 6, "unit_type": "g", "type": "brunch", "day": 340, "quantity": 250.0}}, {"pk": 270, "model": "diet.meal", "fields": {"name": "Pomidor", "sequence_no": 6, "unit_type": null, "type": "brunch", "day": 335, "quantity": 2.0}}, {"pk": 284, "model": "diet.meal", "fields": {"name": "jogurt naturalny", "sequence_no": 6, "unit_type": "g", "type": "brunch", "day": 336, "quantity": 300.0}}, {"pk": 297, "model": "diet.meal", "fields": {"name": "ziemniaki", "sequence_no": 6, "unit_type": null, "type": "lunch", "day": 337, "quantity": 2.0}}, {"pk": 321, "model": "diet.meal", "fields": {"name": "sos do sa\u0142aty", "sequence_no": 6, "unit_type": "g", "type": "breakfest", "day": 339, "quantity": 15.0}}, {"pk": 767, "model": "diet.meal", "fields": {"name": "Wo\u0142owina chuda gotowana", "sequence_no": 6, "unit_type": "g", "type": "lunch", "day": 332, "quantity": 200.0}}, {"pk": 613, "model": "diet.meal", "fields": {"name": "Szynka wieprzowa chuda gotowana lub pieczona w folii", "sequence_no": 6, "unit_type": "g", "type": "lunch", "day": 333, "quantity": 250.0}}, {"pk": 364, "model": "diet.meal", "fields": {"name": "sur\u00f3wka z dowolnych warzyw", "sequence_no": 6, "unit_type": "g", "type": "lunch", "day": 342, "quantity": 100.0}}, {"pk": 374, "model": "diet.meal", "fields": {"name": "Warzywa dowolne gotowane", "sequence_no": 6, "unit_type": "g", "type": "lunch", "day": 343, "quantity": 125.0}}, {"pk": 386, "model": "diet.meal", "fields": {"name": "kurczak pieczony", "sequence_no": 6, "unit_type": "g", "type": "lunch", "day": 344, "quantity": 200.0}}, {"pk": 398, "model": "diet.meal", "fields": {"name": "gotowane indycze mi\u0119so", "sequence_no": 6, "unit_type": "g", "type": "lunch", "day": 345, "quantity": 150.0}}, {"pk": 408, "model": "diet.meal", "fields": {"name": "ziemniaki", "sequence_no": 6, "unit_type": null, "type": "lunch", "day": 346, "quantity": 2.0}}, {"pk": 420, "model": "diet.meal", "fields": {"name": "pomidor", "sequence_no": 6, "unit_type": null, "type": "lunch", "day": 347, "quantity": 1.5}}, {"pk": 432, "model": "diet.meal", "fields": {"name": "\u015bliwki", "sequence_no": 6, "unit_type": null, "type": "brunch", "day": 348, "quantity": 6.0}}, {"pk": 624, "model": "diet.meal", "fields": {"name": "Kurczak pieczony pier\u015b", "sequence_no": 6, "unit_type": "g", "type": "lunch", "day": 334, "quantity": 200.0}}, {"pk": 460, "model": "diet.meal", "fields": {"name": "grapefruit", "sequence_no": 6, "unit_type": null, "type": "brunch", "day": 354, "quantity": 2.0}}, {"pk": 478, "model": "diet.meal", "fields": {"name": "jogurt naturalny", "sequence_no": 6, "unit_type": "g", "type": "brunch", "day": 355, "quantity": 250.0}}, {"pk": 491, "model": "diet.meal", "fields": {"name": "jab\u0142ko", "sequence_no": 6, "unit_type": null, "type": "brunch", "day": 356, "quantity": 1.0}}, {"pk": 505, "model": "diet.meal", "fields": {"name": "kasza gryczana", "sequence_no": 6, "unit_type": "g", "type": "lunch", "day": 357, "quantity": 50.0}}, {"pk": 780, "model": "diet.meal", "fields": {"name": "Ry\u017c", "sequence_no": 6, "unit_type": "g", "type": "lunch", "day": 385, "quantity": 50.0}}, {"pk": 803, "model": "diet.meal", "fields": {"name": "ry\u017c", "sequence_no": 6, "unit_type": "g", "type": "lunch", "day": 405, "quantity": 50.0}}, {"pk": 298, "model": "diet.meal", "fields": {"name": "sa\u0142ata", "sequence_no": 7, "unit_type": "g", "type": "lunch", "day": 337, "quantity": 100.0}}, {"pk": 768, "model": "diet.meal", "fields": {"name": "Ziemniaki", "sequence_no": 7, "unit_type": "ma\u0142e", "type": "lunch", "day": 332, "quantity": 3.0}}, {"pk": 375, "model": "diet.meal", "fields": {"name": "schab pieczony", "sequence_no": 7, "unit_type": "g", "type": "lunch", "day": 343, "quantity": 150.0}}, {"pk": 781, "model": "diet.meal", "fields": {"name": "jarzyny gotowane", "sequence_no": 7, "unit_type": "g", "type": "lunch", "day": 385, "quantity": 100.0}}, {"pk": 322, "model": "diet.meal", "fields": {"name": "jogurt owocowy", "sequence_no": 7, "unit_type": "g", "type": "brunch", "day": 339, "quantity": 250.0}}, {"pk": 365, "model": "diet.meal", "fields": {"name": "Szynka pieczona w folii", "sequence_no": 7, "unit_type": "g", "type": "lunch", "day": 342, "quantity": 210.0}}, {"pk": 461, "model": "diet.meal", "fields": {"name": "pomara\u0144cza", "sequence_no": 7, "unit_type": null, "type": "brunch", "day": 354, "quantity": 2.0}}, {"pk": 625, "model": "diet.meal", "fields": {"name": "Jarzyny gotowne", "sequence_no": 7, "unit_type": "g", "type": "lunch", "day": 334, "quantity": 150.0}}, {"pk": 285, "model": "diet.meal", "fields": {"name": "ziemniaki", "sequence_no": 7, "unit_type": null, "type": "lunch", "day": 336, "quantity": 2.0}}, {"pk": 387, "model": "diet.meal", "fields": {"name": "jarzyna do kurczaka ", "sequence_no": 7, "unit_type": "g", "type": "lunch", "day": 344, "quantity": 100.0}}, {"pk": 421, "model": "diet.meal", "fields": {"name": "schab gotowany", "sequence_no": 7, "unit_type": "g", "type": "lunch", "day": 347, "quantity": 200.0}}, {"pk": 310, "model": "diet.meal", "fields": {"name": "wo\u0142owina chuda gotowana", "sequence_no": 7, "unit_type": "g", "type": "lunch", "day": 338, "quantity": 200.0}}, {"pk": 479, "model": "diet.meal", "fields": {"name": "gruszka", "sequence_no": 7, "unit_type": null, "type": "brunch", "day": 355, "quantity": 1.0}}, {"pk": 433, "model": "diet.meal", "fields": {"name": "chleb chrupki", "sequence_no": 7, "unit_type": null, "type": "brunch", "day": 348, "quantity": 1.0}}, {"pk": 271, "model": "diet.meal", "fields": {"name": "Piecze\u0144 wo\u0142owa", "sequence_no": 7, "unit_type": "g", "type": "lunch", "day": 335, "quantity": 200.0}}, {"pk": 399, "model": "diet.meal", "fields": {"name": "ry\u017c", "sequence_no": 7, "unit_type": "g", "type": "lunch", "day": 345, "quantity": 30.0}}, {"pk": 492, "model": "diet.meal", "fields": {"name": "gruszka", "sequence_no": 7, "unit_type": null, "type": "brunch", "day": 356, "quantity": 1.0}}, {"pk": 518, "model": "diet.meal", "fields": {"name": "pomara\u0144cza", "sequence_no": 7, "unit_type": null, "type": "brunch", "day": 340, "quantity": 1.0}}, {"pk": 804, "model": "diet.meal", "fields": {"name": "jarzyny gotowane", "sequence_no": 7, "unit_type": "g", "type": "lunch", "day": 405, "quantity": 100.0}}, {"pk": 409, "model": "diet.meal", "fields": {"name": "pier\u015b indyka gotowana", "sequence_no": 7, "unit_type": "g", "type": "lunch", "day": 346, "quantity": 240.0}}, {"pk": 506, "model": "diet.meal", "fields": {"name": "sur\u00f3wka z pora i jab\u0142ek", "sequence_no": 7, "unit_type": "g", "type": "lunch", "day": 357, "quantity": 100.0}}, {"pk": 614, "model": "diet.meal", "fields": {"name": "Ry\u017c", "sequence_no": 7, "unit_type": "g", "type": "lunch", "day": 333, "quantity": 30.0}}, {"pk": 434, "model": "diet.meal", "fields": {"name": "pol\u0119dwica sopocka", "sequence_no": 8, "unit_type": "plasterek", "type": "brunch", "day": 348, "quantity": 1.0}}, {"pk": 493, "model": "diet.meal", "fields": {"name": "pomidor", "sequence_no": 8, "unit_type": null, "type": "lunch", "day": 356, "quantity": 2.0}}, {"pk": 507, "model": "diet.meal", "fields": {"name": "wo\u0142owina gotowana", "sequence_no": 8, "unit_type": "g", "type": "lunch", "day": 357, "quantity": 250.0}}, {"pk": 805, "model": "diet.meal", "fields": {"name": "makrela w\u0119dzona", "sequence_no": 8, "unit_type": "g", "type": "dinner", "day": 405, "quantity": 50.0}}, {"pk": 323, "model": "diet.meal", "fields": {"name": "gruszka", "sequence_no": 8, "unit_type": null, "type": "brunch", "day": 339, "quantity": 2.0}}, {"pk": 422, "model": "diet.meal", "fields": {"name": "ziemniaki", "sequence_no": 8, "unit_type": null, "type": "lunch", "day": 347, "quantity": 2.0}}, {"pk": 400, "model": "diet.meal", "fields": {"name": "serek homogenizowany chudy", "sequence_no": 8, "unit_type": "g", "type": "dinner", "day": 345, "quantity": 150.0}}, {"pk": 410, "model": "diet.meal", "fields": {"name": "jarzyny gotowane", "sequence_no": 8, "unit_type": "g", "type": "lunch", "day": 346, "quantity": 150.0}}, {"pk": 376, "model": "diet.meal", "fields": {"name": "sur\u00f3wka z bia\u0142ej kapusty", "sequence_no": 8, "unit_type": "g", "type": "lunch", "day": 343, "quantity": 100.0}}, {"pk": 366, "model": "diet.meal", "fields": {"name": "chleb razowy", "sequence_no": 8, "unit_type": "kromki", "type": "dinner", "day": 342, "quantity": 2.0}}, {"pk": 286, "model": "diet.meal", "fields": {"name": "kurczak pieczony pier\u015b", "sequence_no": 8, "unit_type": "g", "type": "lunch", "day": 336, "quantity": 250.0}}, {"pk": 782, "model": "diet.meal", "fields": {"name": "par\u00f3wka ciel\u0119ca", "sequence_no": 8, "unit_type": null, "type": "dinner", "day": 385, "quantity": 1.0}}, {"pk": 272, "model": "diet.meal", "fields": {"name": "Kasza gryczana", "sequence_no": 8, "unit_type": "g", "type": "lunch", "day": 335, "quantity": 40.0}}, {"pk": 462, "model": "diet.meal", "fields": {"name": "pieczywo chrupkie z serkiem almette", "sequence_no": 8, "unit_type": null, "type": "brunch", "day": 354, "quantity": 1.0}}, {"pk": 299, "model": "diet.meal", "fields": {"name": "sur\u00f3wka z bia\u0142ej kapusty", "sequence_no": 8, "unit_type": "g", "type": "dinner", "day": 337, "quantity": 100.0}}, {"pk": 626, "model": "diet.meal", "fields": {"name": "Ziemniaki", "sequence_no": 8, "unit_type": "ma\u0142e", "type": "lunch", "day": 334, "quantity": 3.0}}, {"pk": 351, "model": "diet.meal", "fields": {"name": "Zupa jarzynowa czysta", "sequence_no": 8, "unit_type": "g", "type": "lunch", "day": 341, "quantity": 250.0}}, {"pk": 615, "model": "diet.meal", "fields": {"name": "Sur\u00f3wka ze s\u0142odkiej kapusty", "sequence_no": 8, "unit_type": "g", "type": "lunch", "day": 333, "quantity": 80.0}}, {"pk": 519, "model": "diet.meal", "fields": {"name": "pier\u015b z kurczaka", "sequence_no": 8, "unit_type": "g", "type": "lunch", "day": 340, "quantity": 250.0}}, {"pk": 480, "model": "diet.meal", "fields": {"name": "jab\u0142ko", "sequence_no": 8, "unit_type": null, "type": "brunch", "day": 355, "quantity": 1.0}}, {"pk": 388, "model": "diet.meal", "fields": {"name": "sa\u0142atka z pomidor\u00f3w", "sequence_no": 8, "unit_type": "g", "type": "lunch", "day": 344, "quantity": 80.0}}, {"pk": 311, "model": "diet.meal", "fields": {"name": "kasza j\u0119czmienna", "sequence_no": 8, "unit_type": "g", "type": "lunch", "day": 338, "quantity": 50.0}}, {"pk": 769, "model": "diet.meal", "fields": {"name": "Pomara\u0144cza", "sequence_no": 8, "unit_type": "g", "type": "lunch", "day": 332, "quantity": 100.0}}, {"pk": 300, "model": "diet.meal", "fields": {"name": "Pier\u015b z kurczaka", "sequence_no": 9, "unit_type": "g", "type": "dinner", "day": 337, "quantity": 150.0}}, {"pk": 627, "model": "diet.meal", "fields": {"name": "Sos pomidorowy", "sequence_no": 9, "unit_type": "g", "type": "lunch", "day": 334, "quantity": 15.0}}, {"pk": 324, "model": "diet.meal", "fields": {"name": "kiwi", "sequence_no": 9, "unit_type": null, "type": "brunch", "day": 339, "quantity": 3.0}}, {"pk": 401, "model": "diet.meal", "fields": {"name": "warzywa dowolne gotowane", "sequence_no": 9, "unit_type": "g", "type": "dinner", "day": 345, "quantity": 200.0}}, {"pk": 312, "model": "diet.meal", "fields": {"name": "Sa\u0142atka z 2 pomidor\u00f3w i cebuli", "sequence_no": 9, "unit_type": "g", "type": "lunch", "day": 338, "quantity": 100.0}}, {"pk": 411, "model": "diet.meal", "fields": {"name": "sur\u00f3wka z czerwonej kapusty", "sequence_no": 9, "unit_type": "g", "type": "lunch", "day": 346, "quantity": 80.0}}, {"pk": 520, "model": "diet.meal", "fields": {"name": "jarzyny gotowane", "sequence_no": 9, "unit_type": "g", "type": "lunch", "day": 340, "quantity": 150.0}}, {"pk": 508, "model": "diet.meal", "fields": {"name": "chleb razowy z serkiem almette", "sequence_no": 9, "unit_type": "kromka", "type": "dinner", "day": 357, "quantity": 1.0}}, {"pk": 435, "model": "diet.meal", "fields": {"name": "ciel\u0119cina gotowana", "sequence_no": 9, "unit_type": "g", "type": "lunch", "day": 348, "quantity": 250.0}}, {"pk": 616, "model": "diet.meal", "fields": {"name": "Tu\u0144czyk z puszki w sosie w\u0142asnym", "sequence_no": 9, "unit_type": "g", "type": "dinner", "day": 333, "quantity": 100.0}}, {"pk": 423, "model": "diet.meal", "fields": {"name": "og\u00f3rek", "sequence_no": 9, "unit_type": "g", "type": "lunch", "day": 347, "quantity": 100.0}}, {"pk": 770, "model": "diet.meal", "fields": {"name": "Sur\u00f3wka z 2 pomidor\u00f3w i szczypiorku", "sequence_no": 9, "unit_type": null, "type": "lunch", "day": 332, "quantity": null}}, {"pk": 783, "model": "diet.meal", "fields": {"name": "chleb chrupki z almete", "sequence_no": 9, "unit_type": "kromka", "type": "dinner", "day": 385, "quantity": 1.0}}, {"pk": 352, "model": "diet.meal", "fields": {"name": "kurczak pieczony ze sk\u00f3r\u0105", "sequence_no": 9, "unit_type": "g", "type": "lunch", "day": 341, "quantity": 250.0}}, {"pk": 481, "model": "diet.meal", "fields": {"name": "pier\u015b indyka grillowana", "sequence_no": 9, "unit_type": "g", "type": "lunch", "day": 355, "quantity": 270.0}}, {"pk": 273, "model": "diet.meal", "fields": {"name": "Sur\u00f3wka z dowolnych warzyw", "sequence_no": 9, "unit_type": "g", "type": "lunch", "day": 335, "quantity": 150.0}}, {"pk": 494, "model": "diet.meal", "fields": {"name": "pier\u015b indyka pieczona", "sequence_no": 9, "unit_type": "g", "type": "lunch", "day": 356, "quantity": 270.0}}, {"pk": 463, "model": "diet.meal", "fields": {"name": "pomidor", "sequence_no": 9, "unit_type": null, "type": "lunch", "day": 354, "quantity": 2.0}}, {"pk": 389, "model": "diet.meal", "fields": {"name": "ziemniak", "sequence_no": 9, "unit_type": null, "type": "lunch", "day": 344, "quantity": 1.0}}, {"pk": 367, "model": "diet.meal", "fields": {"name": "Szynka w\u0119dzona surowa", "sequence_no": 9, "unit_type": "g", "type": "dinner", "day": 342, "quantity": 30.0}}, {"pk": 806, "model": "diet.meal", "fields": {"name": "chleb chrupki", "sequence_no": 9, "unit_type": "kromka", "type": "dinner", "day": 405, "quantity": 1.0}}, {"pk": 287, "model": "diet.meal", "fields": {"name": "Jarzyny dowolne", "sequence_no": 9, "unit_type": "g", "type": "lunch", "day": 336, "quantity": 150.0}}, {"pk": 377, "model": "diet.meal", "fields": {"name": "Ziemniaki", "sequence_no": 9, "unit_type": null, "type": "lunch", "day": 343, "quantity": 2.0}}, {"pk": 521, "model": "diet.meal", "fields": {"name": "ry\u017c", "sequence_no": 10, "unit_type": "g", "type": "lunch", "day": 340, "quantity": 30.0}}, {"pk": 390, "model": "diet.meal", "fields": {"name": "sur\u00f3wka z bia\u0142ej kapusty", "sequence_no": 10, "unit_type": "g", "type": "dinner", "day": 344, "quantity": 200.0}}, {"pk": 378, "model": "diet.meal", "fields": {"name": "Ryba w\u0119dzona", "sequence_no": 10, "unit_type": "g", "type": "dinner", "day": 343, "quantity": 150.0}}, {"pk": 274, "model": "diet.meal", "fields": {"name": "Pieczywo chrupkie", "sequence_no": 10, "unit_type": "kromki", "type": "dinner", "day": 335, "quantity": 2.0}}, {"pk": 617, "model": "diet.meal", "fields": {"name": "Chleb chrupki", "sequence_no": 10, "unit_type": "kromki", "type": "dinner", "day": 333, "quantity": 2.0}}, {"pk": 436, "model": "diet.meal", "fields": {"name": "kasza gryczana", "sequence_no": 10, "unit_type": "g", "type": "lunch", "day": 348, "quantity": 50.0}}, {"pk": 353, "model": "diet.meal", "fields": {"name": "ziemniaki", "sequence_no": 10, "unit_type": null, "type": "lunch", "day": 341, "quantity": 2.0}}, {"pk": 464, "model": "diet.meal", "fields": {"name": "indyk pieczony w folii ", "sequence_no": 10, "unit_type": "g", "type": "lunch", "day": 354, "quantity": 200.0}}, {"pk": 482, "model": "diet.meal", "fields": {"name": "jarzyny gotowane", "sequence_no": 10, "unit_type": "g", "type": "lunch", "day": 355, "quantity": 150.0}}, {"pk": 771, "model": "diet.meal", "fields": {"name": "Koktajl - kefir", "sequence_no": 10, "unit_type": "g", "type": "dinner", "day": 332, "quantity": 300.0}}, {"pk": 495, "model": "diet.meal", "fields": {"name": "ziemniaki", "sequence_no": 10, "unit_type": null, "type": "lunch", "day": 356, "quantity": 2.0}}, {"pk": 325, "model": "diet.meal", "fields": {"name": "schab pieczony", "sequence_no": 10, "unit_type": "g", "type": "lunch", "day": 339, "quantity": 200.0}}, {"pk": 509, "model": "diet.meal", "fields": {"name": "Pasztet wieprzowy", "sequence_no": 10, "unit_type": "g", "type": "dinner", "day": 357, "quantity": 30.0}}, {"pk": 628, "model": "diet.meal", "fields": {"name": "Ry\u017c", "sequence_no": 10, "unit_type": "g", "type": "dinner", "day": 334, "quantity": 60.0}}, {"pk": 288, "model": "diet.meal", "fields": {"name": "Sur\u00f3wka z bia\u0142ej kapusty", "sequence_no": 10, "unit_type": "g", "type": "lunch", "day": 336, "quantity": 80.0}}, {"pk": 784, "model": "diet.meal", "fields": {"name": "serek waniliowy", "sequence_no": 10, "unit_type": "g", "type": "dinner", "day": 385, "quantity": 100.0}}, {"pk": 412, "model": "diet.meal", "fields": {"name": "makrela w\u0119dzona", "sequence_no": 10, "unit_type": "g", "type": "dinner", "day": 346, "quantity": 100.0}}, {"pk": 354, "model": "diet.meal", "fields": {"name": "jarzyny gotowane", "sequence_no": 11, "unit_type": "g", "type": "lunch", "day": 341, "quantity": 100.0}}, {"pk": 379, "model": "diet.meal", "fields": {"name": "Sur\u00f3wka z marchwi i jab\u0142ek", "sequence_no": 11, "unit_type": "g", "type": "dinner", "day": 343, "quantity": 100.0}}, {"pk": 629, "model": "diet.meal", "fields": {"name": "Owoce ", "sequence_no": 11, "unit_type": "g", "type": "dinner", "day": 334, "quantity": 100.0}}, {"pk": 772, "model": "diet.meal", "fields": {"name": "Dowolne owoce do zmiksowania z kefirem", "sequence_no": 11, "unit_type": "g", "type": "dinner", "day": 332, "quantity": 150.0}}, {"pk": 465, "model": "diet.meal", "fields": {"name": "ry\u017c", "sequence_no": 11, "unit_type": "g", "type": "lunch", "day": 354, "quantity": 40.0}}, {"pk": 289, "model": "diet.meal", "fields": {"name": "tu\u0144czyk z puszki w sosie w\u0142asnym", "sequence_no": 11, "unit_type": "g", "type": "dinner", "day": 336, "quantity": 150.0}}, {"pk": 437, "model": "diet.meal", "fields": {"name": "sur\u00f3wka z pora i groszku zielonego", "sequence_no": 11, "unit_type": "g", "type": "lunch", "day": 348, "quantity": 100.0}}, {"pk": 496, "model": "diet.meal", "fields": {"name": "sur\u00f3wka wielowarzywna", "sequence_no": 11, "unit_type": "g", "type": "lunch", "day": 356, "quantity": 100.0}}, {"pk": 483, "model": "diet.meal", "fields": {"name": "ry\u017c", "sequence_no": 11, "unit_type": "g", "type": "lunch", "day": 355, "quantity": 30.0}}, {"pk": 510, "model": "diet.meal", "fields": {"name": "papryka", "sequence_no": 11, "unit_type": "g", "type": "dinner", "day": 357, "quantity": 200.0}}, {"pk": 326, "model": "diet.meal", "fields": {"name": "ry\u017c", "sequence_no": 11, "unit_type": "g", "type": "lunch", "day": 339, "quantity": 40.0}}, {"pk": 413, "model": "diet.meal", "fields": {"name": "chleb zwyk\u0142y z serkiem almette", "sequence_no": 11, "unit_type": null, "type": "dinner", "day": 346, "quantity": 1.0}}, {"pk": 275, "model": "diet.meal", "fields": {"name": "Par\u00f3wka drobiowa", "sequence_no": 11, "unit_type": null, "type": "dinner", "day": 335, "quantity": 1.0}}, {"pk": 522, "model": "diet.meal", "fields": {"name": "Koktajl kefir", "sequence_no": 11, "unit_type": "g", "type": "dinner", "day": 340, "quantity": 250.0}}, {"pk": 313, "model": "diet.meal", "fields": {"name": "Makrela w\u0119dzona", "sequence_no": 11, "unit_type": "g", "type": "dinner", "day": 338, "quantity": 150.0}}, {"pk": 391, "model": "diet.meal", "fields": {"name": "szynka w\u0119dzona", "sequence_no": 11, "unit_type": "g", "type": "dinner", "day": 344, "quantity": 40.0}}, {"pk": 424, "model": "diet.meal", "fields": {"name": "sur\u00f3wka z pora i bia\u0142ej kapusty", "sequence_no": 11, "unit_type": "g", "type": "dinner", "day": 347, "quantity": 100.0}}, {"pk": 497, "model": "diet.meal", "fields": {"name": "ry\u017c", "sequence_no": 12, "unit_type": "g", "type": "dinner", "day": 356, "quantity": 40.0}}, {"pk": 314, "model": "diet.meal", "fields": {"name": "sur\u00f3wka z bia\u0142ej kapusty", "sequence_no": 12, "unit_type": "g", "type": "dinner", "day": 338, "quantity": 250.0}}, {"pk": 484, "model": "diet.meal", "fields": {"name": "jogurt truskawkowy", "sequence_no": 12, "unit_type": "g", "type": "dinner", "day": 355, "quantity": 300.0}}, {"pk": 773, "model": "diet.meal", "fields": {"name": "Sok pomidorowy", "sequence_no": 12, "unit_type": "g", "type": "dinner", "day": 332, "quantity": 300.0}}, {"pk": 523, "model": "diet.meal", "fields": {"name": "dowolne owoce do zmiksowania z kefirem", "sequence_no": 12, "unit_type": "g", "type": "dinner", "day": 340, "quantity": 200.0}}, {"pk": 630, "model": "diet.meal", "fields": {"name": "Cukier", "sequence_no": 12, "unit_type": "g", "type": "dinner", "day": 334, "quantity": 10.0}}, {"pk": 290, "model": "diet.meal", "fields": {"name": "chleb chrupki", "sequence_no": 12, "unit_type": "kromki", "type": "dinner", "day": 336, "quantity": 2.0}}, {"pk": 425, "model": "diet.meal", "fields": {"name": "w\u0119dlina drobiowa", "sequence_no": 12, "unit_type": "g", "type": "dinner", "day": 347, "quantity": 100.0}}, {"pk": 466, "model": "diet.meal", "fields": {"name": "jarzyny gotowane", "sequence_no": 12, "unit_type": "g", "type": "lunch", "day": 354, "quantity": 100.0}}, {"pk": 355, "model": "diet.meal", "fields": {"name": "Ry\u017c", "sequence_no": 12, "unit_type": "g", "type": "dinner", "day": 341, "quantity": 40.0}}, {"pk": 276, "model": "diet.meal", "fields": {"name": "Ketczup", "sequence_no": 12, "unit_type": "g", "type": "dinner", "day": 335, "quantity": 15.0}}, {"pk": 438, "model": "diet.meal", "fields": {"name": "makrela w\u0119dzona", "sequence_no": 12, "unit_type": "g", "type": "dinner", "day": 348, "quantity": 100.0}}, {"pk": 327, "model": "diet.meal", "fields": {"name": "jarzyny gotowane", "sequence_no": 12, "unit_type": "g", "type": "lunch", "day": 339, "quantity": 100.0}}, {"pk": 485, "model": "diet.meal", "fields": {"name": "sok wielowarzywny", "sequence_no": 13, "unit_type": "g", "type": "dinner", "day": 355, "quantity": 250.0}}, {"pk": 356, "model": "diet.meal", "fields": {"name": "Owoce ", "sequence_no": 13, "unit_type": "g", "type": "dinner", "day": 341, "quantity": 200.0}}, {"pk": 277, "model": "diet.meal", "fields": {"name": "Jajko na twardo", "sequence_no": 13, "unit_type": null, "type": "dinner", "day": 335, "quantity": 2.0}}, {"pk": 328, "model": "diet.meal", "fields": {"name": "chleb razowy", "sequence_no": 13, "unit_type": "kromki", "type": "dinner", "day": 339, "quantity": 2.0}}, {"pk": 439, "model": "diet.meal", "fields": {"name": "sur\u00f3wka z czerwonej kapusty i jab\u0142ek", "sequence_no": 13, "unit_type": "g", "type": "dinner", "day": 348, "quantity": 250.0}}, {"pk": 524, "model": "diet.meal", "fields": {"name": "sok pomidorowy", "sequence_no": 13, "unit_type": "g", "type": "dinner", "day": 340, "quantity": 250.0}}, {"pk": 498, "model": "diet.meal", "fields": {"name": "schab pieczony", "sequence_no": 13, "unit_type": "g", "type": "dinner", "day": 356, "quantity": 130.0}}, {"pk": 467, "model": "diet.meal", "fields": {"name": "chleb razowy z serkiem almette", "sequence_no": 13, "unit_type": "kromka", "type": "dinner", "day": 354, "quantity": 1.0}}, {"pk": 468, "model": "diet.meal", "fields": {"name": "og\u00f3rek", "sequence_no": 14, "unit_type": null, "type": "dinner", "day": 354, "quantity": 2.0}}, {"pk": 357, "model": "diet.meal", "fields": {"name": "Cukier ", "sequence_no": 14, "unit_type": "g", "type": "dinner", "day": 341, "quantity": 10.0}}, {"pk": 329, "model": "diet.meal", "fields": {"name": "pomidor", "sequence_no": 14, "unit_type": null, "type": "dinner", "day": 339, "quantity": 1.0}}, {"pk": 469, "model": "diet.meal", "fields": {"name": "serek wiejski 9%", "sequence_no": 15, "unit_type": "g", "type": "dinner", "day": 354, "quantity": 100.0}}, {"pk": 330, "model": "diet.meal", "fields": {"name": "twar\u00f3g chudy ze szczypiorem", "sequence_no": 15, "unit_type": "g", "type": "dinner", "day": 339, "quantity": 70.0}}, {"pk": 470, "model": "diet.meal", "fields": {"name": "pasztet drobiowy", "sequence_no": 16, "unit_type": "plastry", "type": "dinner", "day": 354, "quantity": 2.0}}, {"pk": 471, "model": "diet.meal", "fields": {"name": "szczypio", "sequence_no": 17, "unit_type": null, "type": "dinner", "day": 354, "quantity": null}}, {"pk": 3, "model": "diet.food", "fields": {"unit_type": "g", "calories": 1.0, "name": "Ry\u017c"}}, {"pk": 2, "model": "diet.food", "fields": {"unit_type": "g", "calories": 1.0, "name": "Kasza j\u0119czmienna"}}, {"pk": 1, "model": "diet.food", "fields": {"unit_type": "g", "calories": 1.0, "name": "Kasza gryczana"}}, {"pk": 4, "model": "diet.food", "fields": {"unit_type": "szt", "calories": 1.0, "name": "jajko"}}, {"pk": 5, "model": "diet.food", "fields": {"unit_type": "kromka", "calories": 1.0, "name": "Chleb razowy"}}, {"pk": 6, "model": "diet.food", "fields": {"unit_type": "g", "calories": 1.0, "name": "Szynka pieczona"}}, {"pk": 7, "model": "diet.food", "fields": {"unit_type": "g", "calories": 1.0, "name": "Kurczak"}}, {"pk": 8, "model": "diet.food", "fields": {"unit_type": "szt", "calories": 1.0, "name": "banan"}}, {"pk": 9, "model": "diet.food", "fields": {"unit_type": "kromka", "calories": 1.0, "name": "chleb zwyk\u0142y"}}, {"pk": 10, "model": "diet.food", "fields": {"unit_type": "plasterek", "calories": 1.0, "name": "Pol\u0119dwica sopocka"}}, {"pk": 11, "model": "diet.food", "fields": {"unit_type": "g", "calories": 1.0, "name": "Jogurt naturalny"}}, {"pk": 12, "model": "diet.food", "fields": {"unit_type": "g", "calories": 1.0, "name": "Serek wiejski"}}, {"pk": 13, "model": "diet.food", "fields": {"unit_type": "szt", "calories": 1.0, "name": "Pomidor"}}, {"pk": 14, "model": "diet.food", "fields": {"unit_type": "g", "calories": 1.0, "name": "Szynka mielona"}}, {"pk": 15, "model": "diet.food", "fields": {"unit_type": "kromka", "calories": 1.0, "name": "Chleb chrupki"}}, {"pk": 2, "model": "patients.profile", "fields": {"target_weight": 76.0, "height": 178.0, "user": 12, "sex": 1}}, {"pk": 3, "model": "patients.profile", "fields": {"target_weight": 76.0, "height": 178.0, "user": 13, "sex": 1}}, {"pk": 4, "model": "patients.profile", "fields": {"target_weight": 50.0, "height": 172.0, "user": 14, "sex": 2}}, {"pk": 5, "model": "patients.profile", "fields": {"target_weight": 78.0, "height": 178.0, "user": 15, "sex": 1}}, {"pk": 6, "model": "patients.profile", "fields": {"target_weight": null, "height": null, "user": 16, "sex": null}}, {"pk": 7, "model": "patients.profile", "fields": {"target_weight": 76.0, "height": 178.0, "user": 18, "sex": 1}}, {"pk": 8, "model": "patients.profile", "fields": {"target_weight": null, "height": null, "user": 19, "sex": null}}, {"pk": 9, "model": "patients.profile", "fields": {"target_weight": null, "height": null, "user": 20, "sex": null}}, {"pk": 10, "model": "patients.profile", "fields": {"target_weight": null, "height": null, "user": 21, "sex": null}}, {"pk": 11, "model": "patients.profile", "fields": {"target_weight": 78.0, "height": 178.0, "user": 23, "sex": 1}}, {"pk": 12, "model": "patients.profile", "fields": {"target_weight": null, "height": null, "user": 24, "sex": null}}, {"pk": 13, "model": "patients.profile", "fields": {"target_weight": 78.0, "height": 178.0, "user": 25, "sex": 1}}, {"pk": 14, "model": "patients.profile", "fields": {"target_weight": 94.0, "height": 192.0, "user": 27, "sex": 1}}, {"pk": 15, "model": "patients.profile", "fields": {"target_weight": 88.0, "height": 187.0, "user": 28, "sex": 1}}, {"pk": 16, "model": "patients.profile", "fields": {"target_weight": null, "height": null, "user": 1, "sex": null}}, {"pk": 17, "model": "patients.profile", "fields": {"target_weight": 76.0, "height": 178.0, "user": 29, "sex": 1}}, {"pk": 93, "model": "patients.userdata", "fields": {"date": "2009-09-06", "waist": 0.0, "weight": 98.200000000000003, "user": 12}}, {"pk": 82, "model": "patients.userdata", "fields": {"date": "2009-09-01", "waist": 0.0, "weight": 95.900000000000006, "user": 12}}, {"pk": 84, "model": "patients.userdata", "fields": {"date": "2009-08-30", "waist": 0.0, "weight": 94.5, "user": 12}}, {"pk": 79, "model": "patients.userdata", "fields": {"date": "2009-09-04", "waist": 0.0, "weight": 98.0, "user": 12}}, {"pk": 95, "model": "patients.userdata", "fields": {"date": "2009-08-28", "waist": 0.0, "weight": 94.200000000000003, "user": 12}}, {"pk": 92, "model": "patients.userdata", "fields": {"date": "2009-08-24", "waist": 0.0, "weight": 94.299999999999997, "user": 12}}, {"pk": 80, "model": "patients.userdata", "fields": {"date": "2009-09-03", "waist": 0.0, "weight": 97.599999999999994, "user": 12}}, {"pk": 81, "model": "patients.userdata", "fields": {"date": "2009-09-02", "waist": 0.0, "weight": 96.700000000000003, "user": 12}}, {"pk": 96, "model": "patients.userdata", "fields": {"date": "2009-09-05", "waist": 0.0, "weight": 97.900000000000006, "user": 12}}, {"pk": 97, "model": "patients.userdata", "fields": {"date": "2009-09-07", "waist": 0.0, "weight": 98.0, "user": 12}}, {"pk": 98, "model": "patients.userdata", "fields": {"date": "2009-09-07", "waist": 65.0, "weight": 56.0, "user": 14}}, {"pk": 87, "model": "patients.userdata", "fields": {"date": "2009-09-03", "waist": 0.0, "weight": 79.5, "user": 13}}, {"pk": 88, "model": "patients.userdata", "fields": {"date": "2009-08-29", "waist": 0.0, "weight": 79.700000000000003, "user": 13}}, {"pk": 99, "model": "patients.userdata", "fields": {"date": "2009-09-11", "waist": null, "weight": 98.0, "user": 15}}, {"pk": 100, "model": "patients.userdata", "fields": {"date": "2009-09-11", "waist": 0.0, "weight": 97.700000000000003, "user": 12}}, {"pk": 101, "model": "patients.userdata", "fields": {"date": "2009-09-10", "waist": 0.0, "weight": 97.799999999999997, "user": 12}}, {"pk": 102, "model": "patients.userdata", "fields": {"date": "2009-09-09", "waist": 0.0, "weight": 97.900000000000006, "user": 12}}, {"pk": 86, "model": "patients.userdata", "fields": {"date": "2009-09-04", "waist": 0.0, "weight": 79.599999999999994, "user": 13}}, {"pk": 89, "model": "patients.userdata", "fields": {"date": "2009-09-05", "waist": 0.0, "weight": 79.700000000000003, "user": 13}}, {"pk": 90, "model": "patients.userdata", "fields": {"date": "2009-09-06", "waist": 0.0, "weight": 79.700000000000003, "user": 13}}, {"pk": 83, "model": "patients.userdata", "fields": {"date": "2009-08-31", "waist": 0.0, "weight": 95.0, "user": 12}}, {"pk": 94, "model": "patients.userdata", "fields": {"date": "2009-09-02", "waist": 0.0, "weight": 79.700000000000003, "user": 13}}, {"pk": 103, "model": "patients.userdata", "fields": {"date": "2009-09-12", "waist": null, "weight": 100.8, "user": 18}}, {"pk": 104, "model": "patients.userdata", "fields": {"date": "2009-09-12", "waist": null, "weight": 100.90000000000001, "user": 23}}, {"pk": 116, "model": "patients.userdata", "fields": {"date": "2009-09-22", "waist": 0.0, "weight": 100.09999999999999, "user": 18}}, {"pk": 105, "model": "patients.userdata", "fields": {"date": "2009-09-11", "waist": 0.0, "weight": 100.8, "user": 23}}, {"pk": 117, "model": "patients.userdata", "fields": {"date": "2009-09-22", "waist": 100.0, "weight": 92.0, "user": 28}}, {"pk": 106, "model": "patients.userdata", "fields": {"date": "2009-09-13", "waist": 0.0, "weight": 100.0, "user": 18}}, {"pk": 107, "model": "patients.userdata", "fields": {"date": "2009-09-14", "waist": 0.0, "weight": 100.2, "user": 18}}, {"pk": 108, "model": "patients.userdata", "fields": {"date": "2009-09-15", "waist": 0.0, "weight": 100.09999999999999, "user": 18}}, {"pk": 118, "model": "patients.userdata", "fields": {"date": "2009-09-23", "waist": 0.0, "weight": 99.099999999999994, "user": 18}}, {"pk": 109, "model": "patients.userdata", "fields": {"date": "2009-09-16", "waist": 0.0, "weight": 99.299999999999997, "user": 18}}, {"pk": 110, "model": "patients.userdata", "fields": {"date": "2009-09-16", "waist": null, "weight": 99.299999999999997, "user": 25}}, {"pk": 111, "model": "patients.userdata", "fields": {"date": "2009-09-17", "waist": 0.0, "weight": 99.400000000000006, "user": 18}}, {"pk": 120, "model": "patients.userdata", "fields": {"date": "2009-09-24", "waist": 0.0, "weight": 98.900000000000006, "user": 18}}, {"pk": 131, "model": "patients.userdata", "fields": {"date": "2009-10-07", "waist": 0.0, "weight": 99.0, "user": 18}}, {"pk": 132, "model": "patients.userdata", "fields": {"date": "2009-10-08", "waist": 0.0, "weight": 99.400000000000006, "user": 18}}, {"pk": 112, "model": "patients.userdata", "fields": {"date": "2009-09-18", "waist": 0.0, "weight": 99.099999999999994, "user": 18}}, {"pk": 121, "model": "patients.userdata", "fields": {"date": "2009-09-29", "waist": 0.0, "weight": 100.59999999999999, "user": 18}}, {"pk": 123, "model": "patients.userdata", "fields": {"date": "2009-09-30", "waist": 0.0, "weight": 99.799999999999997, "user": 18}}, {"pk": 124, "model": "patients.userdata", "fields": {"date": "2009-09-30", "waist": 0.0, "weight": 79.799999999999997, "user": 13}}, {"pk": 125, "model": "patients.userdata", "fields": {"date": "2009-10-01", "waist": 0.0, "weight": 99.200000000000003, "user": 18}}, {"pk": 126, "model": "patients.userdata", "fields": {"date": "2009-10-02", "waist": 0.0, "weight": 99.400000000000006, "user": 18}}, {"pk": 127, "model": "patients.userdata", "fields": {"date": "2009-10-03", "waist": 0.0, "weight": 99.5, "user": 18}}, {"pk": 134, "model": "patients.userdata", "fields": {"date": "2009-10-09", "waist": 0.0, "weight": 98.200000000000003, "user": 18}}, {"pk": 114, "model": "patients.userdata", "fields": {"date": "2009-09-21", "waist": 0.0, "weight": 57.100000000000001, "user": 14}}, {"pk": 135, "model": "patients.userdata", "fields": {"date": "2009-10-09", "waist": null, "weight": 98.0, "user": 29}}, {"pk": 128, "model": "patients.userdata", "fields": {"date": "2009-10-04", "waist": 0.0, "weight": 99.799999999999997, "user": 18}}, {"pk": 115, "model": "patients.userdata", "fields": {"date": "2009-09-21", "waist": 0.0, "weight": 100.59999999999999, "user": 18}}, {"pk": 129, "model": "patients.userdata", "fields": {"date": "2009-10-05", "waist": 0.0, "weight": 99.299999999999997, "user": 18}}, {"pk": 130, "model": "patients.userdata", "fields": {"date": "2009-10-06", "waist": 0.0, "weight": 99.200000000000003, "user": 18}}]
